201604,钰龙天下佳园,长沙,6759,6759,N/A,28.252,112.9395,钰龙天下佳园
201604,钰龙天下佳园,长沙,6759,6759,N/A,28.22405,112.936,钰龙天下佳园
201604,钰龙天下佳园,长沙,6759,6759,N/A,28.22793,112.9336,钰龙天下佳园
201604,钰龙天下佳园,长沙,6759,6759,N/A,28.22827,112.9228,钰龙天下佳园
201604,钰龙天下佳园,长沙,6759,6759,N/A,28.19993,113.03352,钰龙天下佳园
201604,钰龙天下佳园,长沙,6759,6759,N/A,28.1447,113.0017,钰龙天下佳园
201604,钰龙天下佳园,长沙,6759,6759,N/A,28.24252,112.9408,钰龙天下佳园
201604,钰龙天下佳园,长沙,6759,6759,N/A,28.18745,113.04059,钰龙天下佳园
201604,钰龙天下佳园,长沙,6759,6759,N/A,0,0,钰龙天下佳园
201604,钰龙天下佳园,长沙,6759,6759,N/A,28.24721,112.9555,钰龙天下佳园
201604,钰龙天下佳园,长沙,6759,6759,N/A,28.18306,113.0084,钰龙天下佳园
201604,钰龙天下佳园,长沙,6759,6759,N/A,28.2635,112.9359,钰龙天下佳园
201604,钰龙天下佳园,长沙,5650,5650,N/A,28.2394,113.1384,钰龙天下佳园
201604,钰龙天下佳园,长沙,5650,5650,N/A,28.22077,112.9374,钰龙天下佳园
201604,钰龙天下佳园,长沙,5650,5650,N/A,28.23471,112.94542,钰龙天下佳园
201604,钰龙天下佳园,长沙,5650,5650,N/A,28.21181,113.10257,钰龙天下佳园
201604,钰龙天下佳园,长沙,9747,9747,N/A,28.19116,113.04808,钰龙天下佳园
201604,钰龙天下佳园,长沙,5650,5650,N/A,28.23246,112.9602,钰龙天下佳园
201604,钰龙天下佳园,长沙,5650,5650,N/A,28.23733,113.0842,钰龙天下佳园
201604,钰龙天下佳园,长沙,5650,5650,N/A,28.27113,112.9564,钰龙天下佳园
201604,钰龙天下佳园,长沙,5650,5650,N/A,28.23047,112.9393,钰龙天下佳园
201604,钰龙天下佳园,长沙,9747,9747,N/A,28.19749,113.0328,钰龙天下佳园
201604,钰龙天下佳园,长沙,9747,9747,N/A,28.19046,113.0422,钰龙天下佳园
201604,钰龙天下佳园,长沙,5650,5650,N/A,28.17511,113.0017,钰龙天下佳园
201604,钰龙天下佳园,长沙,5650,5650,N/A,28.20195,113.0373,钰龙天下佳园
201604,钰龙天下佳园,长沙,5650,5650,N/A,28.22215,112.9345,钰龙天下佳园
201604,钰龙天下佳园,长沙,9747,9747,N/A,28.18825,113.0457,钰龙天下佳园
201604,钰龙天下佳园,长沙,9747,9747,N/A,28.18278,113.0364,钰龙天下佳园
201604,钰龙天下佳园,长沙,9747,9747,N/A,28.16998,113.0092,钰龙天下佳园
201604,钰龙天下佳园,长沙,9747,9747,N/A,28.23689,112.95274,钰龙天下佳园
201604,钰龙天下佳园,长沙,8030,8030,N/A,28.18643,113.0352,钰龙天下佳园
201604,钰龙天下佳园,长沙,5650,5650,N/A,28.18943,113.0087,钰龙天下佳园
201604,钰龙天下佳园,长沙,9747,9747,N/A,28.19836,112.9245,钰龙天下佳园
201604,钰龙天下佳园,长沙,9747,9747,N/A,28.23951,112.9411,钰龙天下佳园
201604,钰龙天下佳园,长沙,9747,9747,N/A,28.19335,113.0357,钰龙天下佳园
201604,钰龙天下佳园,长沙,8030,8030,N/A,28.23152,112.9607,钰龙天下佳园
201604,钰龙天下佳园,长沙,8030,8030,N/A,28.24142,112.9578,钰龙天下佳园
201604,钰龙天下佳园,长沙,8030,8030,N/A,28.19257,113.02836,钰龙天下佳园
201604,钰龙天下佳园,长沙,8030,8030,N/A,28.18753,113.0449,钰龙天下佳园
201604,钰龙天下佳园,长沙,8030,8030,N/A,28.12993,112.9902,钰龙天下佳园
201604,钰龙天下佳园,长沙,9747,9747,N/A,28.19351,113.03913,钰龙天下佳园
201604,钰龙天下佳园,长沙,9747,9747,N/A,28.84814,115.56042,钰龙天下佳园
201604,钰龙天下佳园,长沙,6770,6770,N/A,28.18343,113.03885,钰龙天下佳园
201604,钰龙天下佳园,长沙,8030,8030,N/A,28.21348,112.9794,钰龙天下佳园
201604,钰龙天下佳园,长沙,8030,8030,N/A,28.21348,112.9794,钰龙天下佳园
201604,钰龙天下佳园,长沙,8030,8030,N/A,28.23471,112.94542,钰龙天下佳园
201604,钰龙天下佳园,长沙,8030,8030,N/A,28.18071,113.0301,钰龙天下佳园
201604,钰龙天下佳园,长沙,6770,6770,N/A,28.23085,112.9572,钰龙天下佳园
201604,钰龙天下佳园,长沙,6770,6770,N/A,28.16526,113.0126,钰龙天下佳园
201604,钰龙天下佳园,长沙,8030,8030,N/A,28.23738,112.94569,钰龙天下佳园
201604,钰龙天下佳园,长沙,8030,8030,N/A,28.23519,113.1251,钰龙天下佳园
201604,钰龙天下佳园,长沙,6770,6770,N/A,28.1729,112.95617,钰龙天下佳园
201604,钰龙天下佳园,长沙,6770,6770,N/A,28.24143,112.9578,钰龙天下佳园
201604,钰龙天下佳园,长沙,6770,6770,N/A,28.17643,113.0075,钰龙天下佳园
201604,钰龙天下佳园,长沙,6770,6770,N/A,28.23149,112.9603,钰龙天下佳园
201604,钰龙天下佳园,长沙,7916,7916,N/A,28.15689,113.0018,钰龙天下佳园
201604,钰龙天下佳园,长沙,6770,6770,N/A,28.54866,121.45024,钰龙天下佳园
201604,钰龙天下佳园,长沙,6770,6770,N/A,28.27079,113.0628,钰龙天下佳园
201604,钰龙天下佳园,长沙,6770,6770,N/A,28.1803,113.6473,钰龙天下佳园
201604,钰龙天下佳园,长沙,7916,7916,N/A,28.18865,113.0288,钰龙天下佳园
201604,钰龙天下佳园,长沙,7916,7916,N/A,28.15105,113.001,钰龙天下佳园
201604,钰龙天下佳园,长沙,7916,7916,N/A,28.72624,115.73882,钰龙天下佳园
201604,钰龙天下佳园,长沙,6770,6770,N/A,28.22537,112.9415,钰龙天下佳园
201604,钰龙天下佳园,长沙,6770,6770,N/A,28.23213,112.9518,钰龙天下佳园
201604,钰龙天下佳园,长沙,8377,8377,N/A,28.14447,112.9962,钰龙天下佳园
201604,钰龙天下佳园,长沙,7916,7916,N/A,28.19322,113.0372,钰龙天下佳园
201604,钰龙天下佳园,长沙,7916,7916,N/A,28.17671,113.0011,钰龙天下佳园
201604,钰龙天下佳园,长沙,7916,7916,N/A,28.18154,113.0116,钰龙天下佳园
201604,钰龙天下佳园,长沙,7916,7916,N/A,28.23018,113.0829,钰龙天下佳园
201604,钰龙天下佳园,长沙,8377,8377,N/A,28.16298,113.0005,钰龙天下佳园
201604,钰龙天下佳园,长沙,8377,8377,N/A,28.20957,113.0702,钰龙天下佳园
201604,钰龙天下佳园,长沙,8377,8377,N/A,28.23142,113.1186,钰龙天下佳园
201604,钰龙天下佳园,长沙,8377,8377,N/A,28.23471,112.94542,钰龙天下佳园
201604,钰龙天下佳园,长沙,7916,7916,N/A,28.1729,112.9562,钰龙天下佳园
201604,钰龙天下佳园,长沙,7916,7916,N/A,28.15997,113.0014,钰龙天下佳园
201604,钰龙天下佳园,长沙,7916,7916,N/A,28.15764,113.0508,钰龙天下佳园
201604,钰龙天下佳园,长沙,8377,8377,N/A,0,0,钰龙天下佳园
201604,钰龙天下佳园,长沙,8377,8377,N/A,28.20386,113.0283,钰龙天下佳园
201604,钰龙天下佳园,长沙,8377,8377,N/A,28.16144,113.023,钰龙天下佳园
201604,钰龙天下佳园,长沙,8377,8377,N/A,28.252,112.9395,钰龙天下佳园
201604,钰龙天下佳园,长沙,7916,7916,N/A,0,0,钰龙天下佳园
201604,钰龙天下佳园,长沙,8377,8377,N/A,28.14644,113.0202,钰龙天下佳园
201604,钰龙天下佳园,长沙,8377,8377,N/A,28.2635,112.9359,钰龙天下佳园
201604,钰龙天下佳园,长沙,8377,8377,N/A,28.17797,113.0028,钰龙天下佳园
201604,钰龙天下佳园,长沙,7753,7753,N/A,0,0,钰龙天下佳园
201604,钰龙天下佳园,长沙,7753,7753,N/A,28.25475,113.0514,钰龙天下佳园
201604,钰龙天下佳园,长沙,7753,7753,N/A,28.16447,113.0424,钰龙天下佳园
201604,钰龙天下佳园,长沙,7753,7753,N/A,28.16341,113.0361,钰龙天下佳园
201604,钰龙天下佳园,长沙,7753,7753,N/A,28.16212,113.0012,钰龙天下佳园
201604,钰龙天下佳园,长沙,7753,7753,N/A,28.20271,112.9087,钰龙天下佳园
201604,钰龙天下佳园,长沙,7753,7753,N/A,28.22824,112.9383,钰龙天下佳园
201604,钰龙天下佳园,长沙,7753,7753,N/A,28.15068,113.0011,钰龙天下佳园
201604,钰龙天下佳园,长沙,7753,7753,N/A,28.17413,113.004,钰龙天下佳园
201604,钰龙天下佳园,长沙,7753,7753,N/A,28.19179,113.0559,钰龙天下佳园
201604,钰龙天下佳园,长沙,7753,7753,N/A,28.22809,112.9601,钰龙天下佳园
201604,钰龙天下佳园,长沙,7753,7753,N/A,28.21812,112.9408,钰龙天下佳园
201604,钰龙天下佳园,长沙,9616,9616,N/A,28.1772,112.9594,钰龙天下佳园
201604,钰龙天下佳园,长沙,9616,9616,N/A,28.14644,113.0202,钰龙天下佳园
201604,钰龙天下佳园,长沙,9616,9616,N/A,28.13102,113.0094,钰龙天下佳园
201604,钰龙天下佳园,长沙,9616,9616,N/A,28.23865,113.0699,钰龙天下佳园
201604,钰龙天下佳园,长沙,9616,9616,N/A,28.1729,112.95617,钰龙天下佳园
201604,钰龙天下佳园,长沙,9616,9616,N/A,28.16625,113.0263,钰龙天下佳园
201604,钰龙天下佳园,长沙,9616,9616,N/A,28.2425,112.9355,钰龙天下佳园
201604,钰龙天下佳园,长沙,9616,9616,N/A,28.22568,112.9287,钰龙天下佳园
201604,钰龙天下佳园,长沙,9616,9616,N/A,28.15522,113.0372,钰龙天下佳园
201604,钰龙天下佳园,长沙,9616,9616,N/A,28.17964,113.0077,钰龙天下佳园
201604,钰龙天下佳园,长沙,9616,9616,N/A,28.23374,112.9286,钰龙天下佳园
201604,钰龙天下佳园,长沙,9616,9616,N/A,28.13076,113.0065,钰龙天下佳园
201604,钰龙天下佳园,长沙,5370,5370,N/A,28.17039,113.00943,钰龙天下佳园
201604,钰龙天下佳园,长沙,5370,5370,N/A,28.2288,113.122,钰龙天下佳园
201604,钰龙天下佳园,长沙,5370,5370,N/A,28.1729,112.95617,钰龙天下佳园
201604,钰龙天下佳园,长沙,5370,5370,N/A,28.20954,113.029,钰龙天下佳园
201604,钰龙天下佳园,长沙,5370,5370,N/A,28.16315,113.0013,钰龙天下佳园
201604,钰龙天下佳园,长沙,5370,5370,N/A,28.12952,113.0056,钰龙天下佳园
201604,钰龙天下佳园,长沙,5370,5370,N/A,28.22384,112.9458,钰龙天下佳园
201604,钰龙天下佳园,长沙,5370,5370,N/A,28.13094,113.0097,钰龙天下佳园
201604,钰龙天下佳园,长沙,5370,5370,N/A,28.20874,112.9367,钰龙天下佳园
201604,钰龙天下佳园,长沙,5370,5370,N/A,28.18268,113.0082,钰龙天下佳园
201604,钰龙天下佳园,长沙,5370,5370,N/A,28.16555,113.0159,钰龙天下佳园
201604,钰龙天下佳园,长沙,5370,5370,N/A,27.53371,113.73981,钰龙天下佳园
201604,钰龙天下佳园,长沙,9781,9781,N/A,28.18071,113.0301,钰龙天下佳园
201604,钰龙天下佳园,长沙,9781,9781,N/A,28.18332,113.036,钰龙天下佳园
201604,钰龙天下佳园,长沙,9781,9781,N/A,28.17675,113.0011,钰龙天下佳园
201604,钰龙天下佳园,长沙,7272,7272,N/A,28.19338,113.0133,钰龙天下佳园
201604,钰龙天下佳园,长沙,9781,9781,N/A,28.24094,112.93415,钰龙天下佳园
201604,钰龙天下佳园,长沙,7272,7272,N/A,0,0,钰龙天下佳园
201604,钰龙天下佳园,长沙,7272,7272,N/A,28.18508,113.03325,钰龙天下佳园
201604,钰龙天下佳园,长沙,7272,7272,N/A,28.20271,112.9087,钰龙天下佳园
201604,钰龙天下佳园,长沙,9781,9781,N/A,28.23481,112.95459,钰龙天下佳园
201604,钰龙天下佳园,长沙,9781,9781,N/A,28.24158,112.9379,钰龙天下佳园
201604,钰龙天下佳园,长沙,9781,9781,N/A,28.23782,112.9586,钰龙天下佳园
201604,钰龙天下佳园,长沙,7272,7272,N/A,28.18753,113.0449,钰龙天下佳园
201604,钰龙天下佳园,长沙,7272,7272,N/A,28.21629,112.9386,钰龙天下佳园
201604,钰龙天下佳园,长沙,9781,9781,N/A,28.14447,112.9962,钰龙天下佳园
201604,钰龙天下佳园,长沙,9781,9781,N/A,28.17601,113.0143,钰龙天下佳园
201604,钰龙天下佳园,长沙,7272,7272,N/A,28.16734,113.0171,钰龙天下佳园
201604,钰龙天下佳园,长沙,7272,7272,N/A,28.15781,113.0133,钰龙天下佳园
201604,钰龙天下佳园,长沙,7272,7272,N/A,28.18045,113.008,钰龙天下佳园
201604,钰龙天下佳园,长沙,9781,9781,N/A,28.1417,113.0084,钰龙天下佳园
201604,钰龙天下佳园,长沙,9781,9781,N/A,28.13409,112.9941,钰龙天下佳园
201604,钰龙天下佳园,长沙,7272,7272,N/A,0,0,钰龙天下佳园
201604,钰龙天下佳园,长沙,7272,7272,N/A,28.24142,112.9578,钰龙天下佳园
201604,钰龙天下佳园,长沙,7272,7272,N/A,28.23471,112.94542,钰龙天下佳园
201604,钰龙天下佳园,长沙,9781,9781,N/A,28.27602,113.0672,钰龙天下佳园
201604,钰龙天下佳园,长沙,4435,4435,N/A,36.63163,101.7276,钰龙天下佳园
201604,钰龙天下佳园,长沙,6004,6004,N/A,28.797,115.76035,钰龙天下佳园
201604,钰龙天下佳园,长沙,4435,4435,N/A,28.17314,113.0092,钰龙天下佳园
201604,钰龙天下佳园,长沙,4435,4435,N/A,0,0,钰龙天下佳园
201604,钰龙天下佳园,长沙,4435,4435,N/A,28.19257,113.02836,钰龙天下佳园
201604,钰龙天下佳园,长沙,4435,4435,N/A,28.22402,112.94245,钰龙天下佳园
201604,钰龙天下佳园,长沙,6004,6004,N/A,30.63965,104.04679,钰龙天下佳园
201604,钰龙天下佳园,长沙,6004,6004,N/A,28.18276,113.03546,钰龙天下佳园
201604,钰龙天下佳园,长沙,6004,6004,N/A,28.23471,112.94542,钰龙天下佳园
201604,钰龙天下佳园,长沙,6004,6004,N/A,28.23471,112.94542,钰龙天下佳园
201604,钰龙天下佳园,长沙,6004,6004,N/A,28.14644,113.0202,钰龙天下佳园
201604,钰龙天下佳园,长沙,4435,4435,N/A,0,0,钰龙天下佳园
201604,钰龙天下佳园,长沙,4435,4435,N/A,28.23471,112.94542,钰龙天下佳园
201604,钰龙天下佳园,长沙,6004,6004,N/A,28.13837,112.9804,钰龙天下佳园
201604,钰龙天下佳园,长沙,6004,6004,N/A,28.23186,112.9659,钰龙天下佳园
201604,钰龙天下佳园,长沙,6004,6004,N/A,28.19733,113.0276,钰龙天下佳园
201604,钰龙天下佳园,长沙,4435,4435,N/A,28.19968,113.003,钰龙天下佳园
201604,钰龙天下佳园,长沙,4435,4435,N/A,28.20381,113.02096,钰龙天下佳园
201604,钰龙天下佳园,长沙,4435,4435,N/A,28.21898,112.9328,钰龙天下佳园
201604,钰龙天下佳园,长沙,4435,4435,N/A,28.13422,112.9033,钰龙天下佳园
201604,钰龙天下佳园,长沙,4435,4435,N/A,28.20747,113.05743,钰龙天下佳园
201604,钰龙天下佳园,长沙,6004,6004,N/A,28.21897,112.9972,钰龙天下佳园
201604,钰龙天下佳园,长沙,6004,6004,N/A,28.21704,112.998,钰龙天下佳园
201604,钰龙天下佳园,长沙,6004,6004,N/A,28.21347,112.97935,钰龙天下佳园
201604,钰龙天下佳园,长沙,6023,6023,N/A,28.16965,112.9376,钰龙天下佳园
201604,钰龙天下佳园,长沙,6023,6023,N/A,28.13521,113.0114,钰龙天下佳园
201604,钰龙天下佳园,长沙,6023,6023,N/A,28.22908,113.06577,钰龙天下佳园
201604,钰龙天下佳园,长沙,6023,6023,N/A,28.25148,113.08196,钰龙天下佳园
201604,钰龙天下佳园,长沙,6023,6023,N/A,28.17974,113.00685,钰龙天下佳园
201604,钰龙天下佳园,长沙,6023,6023,N/A,28.23471,112.94542,钰龙天下佳园
201604,钰龙天下佳园,长沙,6023,6023,N/A,0,0,钰龙天下佳园
201604,钰龙天下佳园,长沙,6023,6023,N/A,28.23471,112.94542,钰龙天下佳园
201604,钰龙天下佳园,长沙,6023,6023,N/A,28.14868,112.9065,钰龙天下佳园
201604,钰龙天下佳园,长沙,6023,6023,N/A,28.19897,113.04203,钰龙天下佳园
201604,钰龙天下佳园,长沙,6023,6023,N/A,28.14245,113.0077,钰龙天下佳园
201604,钰龙天下佳园,长沙,6023,6023,N/A,28.21348,112.9794,钰龙天下佳园
201604,钰龙天下佳园,长沙,5908,5908,N/A,28.16647,113.01467,钰龙天下佳园
201604,钰龙天下佳园,长沙,5908,5908,N/A,28.18045,113.008,钰龙天下佳园
201604,钰龙天下佳园,长沙,5908,5908,N/A,28.22402,112.94245,钰龙天下佳园
201604,钰龙天下佳园,长沙,5908,5908,N/A,28.1729,112.95617,钰龙天下佳园
201604,钰龙天下佳园,长沙,5908,5908,N/A,28.16312,113.0336,钰龙天下佳园
201604,钰龙天下佳园,长沙,5908,5908,N/A,28.16077,112.9999,钰龙天下佳园
201604,钰龙天下佳园,长沙,5908,5908,N/A,28.23429,113.1171,钰龙天下佳园
201604,钰龙天下佳园,长沙,5908,5908,N/A,28.19094,113.02999,钰龙天下佳园
201604,钰龙天下佳园,长沙,5908,5908,N/A,0,0,钰龙天下佳园
201604,钰龙天下佳园,长沙,5908,5908,N/A,28.13837,112.9804,钰龙天下佳园
201604,钰龙天下佳园,长沙,5908,5908,N/A,28.2635,112.9359,钰龙天下佳园
201604,钰龙天下佳园,长沙,5908,5908,N/A,28.23514,113.0655,钰龙天下佳园
201604,钰龙天下佳园,长沙,5187,5187,N/A,28.21179,113.1023,钰龙天下佳园
201604,钰龙天下佳园,长沙,5187,5187,N/A,28.12978,113.03,钰龙天下佳园
201604,钰龙天下佳园,长沙,5187,5187,N/A,28.14269,113.0126,钰龙天下佳园
201604,钰龙天下佳园,长沙,8131,8131,N/A,28.21682,112.944,钰龙天下佳园
201604,钰龙天下佳园,长沙,5187,5187,N/A,28.69566,115.81858,钰龙天下佳园
201604,钰龙天下佳园,长沙,5187,5187,N/A,28.16152,113.001,钰龙天下佳园
201604,钰龙天下佳园,长沙,5187,5187,N/A,28.17376,113.00763,钰龙天下佳园
201604,钰龙天下佳园,长沙,8131,8131,N/A,28.16284,113.0176,钰龙天下佳园
201604,钰龙天下佳园,长沙,5187,5187,N/A,28.22402,112.94245,钰龙天下佳园
201604,钰龙天下佳园,长沙,5187,5187,N/A,28.17559,113.01615,钰龙天下佳园
201604,钰龙天下佳园,长沙,5187,5187,N/A,28.24142,112.9578,钰龙天下佳园
201604,钰龙天下佳园,长沙,8131,8131,N/A,28.20271,112.9087,钰龙天下佳园
201604,钰龙天下佳园,长沙,8131,8131,N/A,28.15105,113.001,钰龙天下佳园
201604,钰龙天下佳园,长沙,5187,5187,N/A,28.15623,113.0047,钰龙天下佳园
201604,钰龙天下佳园,长沙,5187,5187,N/A,28.21348,112.9794,钰龙天下佳园
201604,钰龙天下佳园,长沙,5187,5187,N/A,28.21348,112.9794,钰龙天下佳园
201604,钰龙天下佳园,长沙,5410,5410,N/A,28.2198,112.9319,钰龙天下佳园
201604,钰龙天下佳园,长沙,8131,8131,N/A,28.18114,113.0127,钰龙天下佳园
201604,钰龙天下佳园,长沙,8131,8131,N/A,28.26817,113.0692,钰龙天下佳园
201604,钰龙天下佳园,长沙,8131,8131,N/A,28.14188,113.0096,钰龙天下佳园
201604,钰龙天下佳园,长沙,5410,5410,N/A,28.17445,112.9487,钰龙天下佳园
201604,钰龙天下佳园,长沙,5410,5410,N/A,28.16346,113.0183,钰龙天下佳园
201604,钰龙天下佳园,长沙,5410,5410,N/A,28.17375,113.0049,钰龙天下佳园
201604,钰龙天下佳园,长沙,8131,8131,N/A,28.21348,112.9794,钰龙天下佳园
201604,钰龙天下佳园,长沙,8131,8131,N/A,28.27113,112.9564,钰龙天下佳园
201604,钰龙天下佳园,长沙,5410,5410,N/A,28.16152,113.001,钰龙天下佳园
201604,钰龙天下佳园,长沙,5410,5410,N/A,28.21607,112.94291,钰龙天下佳园
201604,钰龙天下佳园,长沙,8131,8131,N/A,28.18268,113.0082,钰龙天下佳园
201604,钰龙天下佳园,长沙,8131,8131,N/A,28.22821,112.95253,钰龙天下佳园
201604,钰龙天下佳园,长沙,5410,5410,N/A,28.21348,112.9794,钰龙天下佳园
201604,钰龙天下佳园,长沙,5410,5410,N/A,28.15295,112.9999,钰龙天下佳园
201604,钰龙天下佳园,长沙,6764,6764,N/A,28.22827,112.9228,钰龙天下佳园
201604,钰龙天下佳园,长沙,8131,8131,N/A,28.14015,113.01381,钰龙天下佳园
201604,钰龙天下佳园,长沙,5410,5410,N/A,0,0,钰龙天下佳园
201604,钰龙天下佳园,长沙,5410,5410,N/A,28.23429,113.1171,钰龙天下佳园
201604,钰龙天下佳园,长沙,5410,5410,N/A,28.17107,113.01623,钰龙天下佳园
201604,钰龙天下佳园,长沙,6317,6317,N/A,28.22402,112.94245,钰龙天下佳园
201604,钰龙天下佳园,长沙,6764,6764,N/A,28.16693,112.9975,钰龙天下佳园
201604,钰龙天下佳园,长沙,6764,6764,N/A,28.15017,113.0019,钰龙天下佳园
201604,钰龙天下佳园,长沙,5410,5410,N/A,28.22402,112.94245,钰龙天下佳园
201604,钰龙天下佳园,长沙,6317,6317,N/A,28.1418,113.00784,钰龙天下佳园
201604,钰龙天下佳园,长沙,6317,6317,N/A,28.1418,113.00784,钰龙天下佳园
201604,钰龙天下佳园,长沙,6764,6764,N/A,28.19741,113.02589,钰龙天下佳园
201604,钰龙天下佳园,长沙,6764,6764,N/A,28.12993,113.0266,钰龙天下佳园
201604,钰龙天下佳园,长沙,6317,6317,N/A,28.21889,112.9613,钰龙天下佳园
201604,钰龙天下佳园,长沙,6317,6317,N/A,28.14564,112.9133,钰龙天下佳园
201604,钰龙天下佳园,长沙,6317,6317,N/A,28.1952,113.03673,钰龙天下佳园
201604,钰龙天下佳园,长沙,6764,6764,N/A,28.15652,113.0034,钰龙天下佳园
201604,钰龙天下佳园,长沙,6764,6764,N/A,28.22343,112.9512,钰龙天下佳园
201604,钰龙天下佳园,长沙,4231,4231,N/A,28.23471,112.94542,钰龙天下佳园
201604,钰龙天下佳园,长沙,6317,6317,N/A,28.16716,112.9562,钰龙天下佳园
201604,钰龙天下佳园,长沙,6317,6317,N/A,28.14644,113.0202,钰龙天下佳园
201604,钰龙天下佳园,长沙,6317,6317,N/A,28.23674,112.9289,钰龙天下佳园
201604,钰龙天下佳园,长沙,6764,6764,N/A,28.18422,113.0076,钰龙天下佳园
201604,钰龙天下佳园,长沙,6764,6764,N/A,28.13862,112.9037,钰龙天下佳园
201604,钰龙天下佳园,长沙,4231,4231,N/A,0,0,钰龙天下佳园
201604,钰龙天下佳园,长沙,4231,4231,N/A,28.23094,113.1024,钰龙天下佳园
201604,钰龙天下佳园,长沙,4231,4231,N/A,28.23471,112.94542,钰龙天下佳园
201604,钰龙天下佳园,长沙,6317,6317,N/A,28.19993,113.02992,钰龙天下佳园
201604,钰龙天下佳园,长沙,6317,6317,N/A,28.13107,112.9935,钰龙天下佳园
201604,钰龙天下佳园,长沙,6764,6764,N/A,28.24276,113.0608,钰龙天下佳园
201604,钰龙天下佳园,长沙,6764,6764,N/A,28.21348,112.9794,钰龙天下佳园
201604,钰龙天下佳园,长沙,4231,4231,N/A,28.19365,112.987,钰龙天下佳园
201604,钰龙天下佳园,长沙,4231,4231,N/A,0,0,钰龙天下佳园
201604,钰龙天下佳园,长沙,6317,6317,N/A,28.14447,112.9962,钰龙天下佳园
201604,钰龙天下佳园,长沙,6764,6764,N/A,28.22538,113.0919,钰龙天下佳园
201604,钰龙天下佳园,长沙,4231,4231,N/A,28.22389,112.9619,钰龙天下佳园
201604,钰龙天下佳园,长沙,4231,4231,N/A,0,0,钰龙天下佳园
201604,钰龙天下佳园,长沙,4231,4231,N/A,28.1852,112.9762,钰龙天下佳园
201604,钰龙天下佳园,长沙,4231,4231,N/A,28.20469,113.0494,钰龙天下佳园
201604,钰龙天下佳园,长沙,4231,4231,N/A,28.66868,115.92229,钰龙天下佳园
201604,钰龙天下佳园,长沙,4231,4231,N/A,28.22402,112.94245,钰龙天下佳园
201604,钰龙天下佳园,长沙,6170,6170,N/A,28.22497,112.9347,钰龙天下佳园
201604,钰龙天下佳园,长沙,6170,6170,N/A,28.23182,113.0675,钰龙天下佳园
201604,钰龙天下佳园,长沙,6170,6170,N/A,28.13946,112.9798,钰龙天下佳园
201604,钰龙天下佳园,长沙,6170,6170,N/A,28.21213,112.9305,钰龙天下佳园
201604,钰龙天下佳园,长沙,6170,6170,N/A,28.1655,113.0012,钰龙天下佳园
201604,钰龙天下佳园,长沙,6170,6170,N/A,28.17495,113.01393,钰龙天下佳园
201604,钰龙天下佳园,长沙,6170,6170,N/A,28.27079,113.0628,钰龙天下佳园
201604,钰龙天下佳园,长沙,6170,6170,N/A,28.22679,112.8835,钰龙天下佳园
201604,钰龙天下佳园,长沙,6170,6170,N/A,28.19109,113.0254,钰龙天下佳园
201604,钰龙天下佳园,长沙,6170,6170,N/A,28.1436,113.0394,钰龙天下佳园
201604,钰龙天下佳园,长沙,6467,6467,N/A,28.16326,113.0113,钰龙天下佳园
201604,钰龙天下佳园,长沙,6467,6467,N/A,28.20656,113.004,钰龙天下佳园
201604,钰龙天下佳园,长沙,6170,6170,N/A,28.1434,112.9941,钰龙天下佳园
201604,钰龙天下佳园,长沙,6170,6170,N/A,28.27113,112.9564,钰龙天下佳园
201604,钰龙天下佳园,长沙,6467,6467,N/A,28.6352,115.91328,钰龙天下佳园
201604,钰龙天下佳园,长沙,6467,6467,N/A,28.72369,115.81153,钰龙天下佳园
201604,钰龙天下佳园,长沙,6467,6467,N/A,28.21285,113.0375,钰龙天下佳园
201604,钰龙天下佳园,长沙,6467,6467,N/A,28.18823,112.9906,钰龙天下佳园
201604,钰龙天下佳园,长沙,6467,6467,N/A,28.24142,112.9578,钰龙天下佳园
201604,钰龙天下佳园,长沙,6467,6467,N/A,28.22315,112.96063,钰龙天下佳园
201604,钰龙天下佳园,长沙,6467,6467,N/A,28.19257,113.02836,钰龙天下佳园
201604,钰龙天下佳园,长沙,6467,6467,N/A,28.18902,113.00666,钰龙天下佳园
201604,钰龙天下佳园,长沙,5383,5383,N/A,28.20271,112.9087,钰龙天下佳园
201604,钰龙天下佳园,长沙,6467,6467,N/A,28.23471,112.94542,钰龙天下佳园
201604,钰龙天下佳园,长沙,6467,6467,N/A,28.1681,113.00945,钰龙天下佳园
201604,钰龙天下佳园,长沙,8072,8072,N/A,28.17821,113.01576,钰龙天下佳园
201604,钰龙天下佳园,长沙,5383,5383,N/A,28.2291,113.0146,钰龙天下佳园
201604,钰龙天下佳园,长沙,5383,5383,N/A,28.13666,113.0014,钰龙天下佳园
201604,钰龙天下佳园,长沙,5383,5383,N/A,28.22285,112.8694,钰龙天下佳园
201604,钰龙天下佳园,长沙,5383,5383,N/A,28.19078,113.0153,钰龙天下佳园
201604,钰龙天下佳园,长沙,8072,8072,N/A,28.18192,113.0118,钰龙天下佳园
201604,钰龙天下佳园,长沙,8072,8072,N/A,28.18944,113.0054,钰龙天下佳园
201604,钰龙天下佳园,长沙,5383,5383,N/A,28.22847,112.9587,钰龙天下佳园
201604,钰龙天下佳园,长沙,8072,8072,N/A,28.224,112.9495,钰龙天下佳园
201604,钰龙天下佳园,长沙,8072,8072,N/A,28.19534,113.04588,钰龙天下佳园
201604,钰龙天下佳园,长沙,5383,5383,N/A,28.14351,113.0316,钰龙天下佳园
201604,钰龙天下佳园,长沙,5383,5383,N/A,28.22537,112.9161,钰龙天下佳园
201604,钰龙天下佳园,长沙,5383,5383,N/A,28.14256,113.02,钰龙天下佳园
201604,钰龙天下佳园,长沙,8072,8072,N/A,27.86573,113.4194,钰龙天下佳园
201604,钰龙天下佳园,长沙,8072,8072,N/A,28.18991,113.0088,钰龙天下佳园
201604,钰龙天下佳园,长沙,8072,8072,N/A,28.14644,113.0202,钰龙天下佳园
201604,钰龙天下佳园,长沙,8072,8072,N/A,28.17018,112.9409,钰龙天下佳园
201604,钰龙天下佳园,长沙,5383,5383,N/A,28.15805,112.9918,钰龙天下佳园
201604,钰龙天下佳园,长沙,5383,5383,N/A,28.15194,112.9357,钰龙天下佳园
201604,钰龙天下佳园,长沙,6552,6552,N/A,28.22402,112.94245,钰龙天下佳园
201604,钰龙天下佳园,长沙,8072,8072,N/A,28.14644,113.0202,钰龙天下佳园
201604,钰龙天下佳园,长沙,8072,8072,N/A,28.25475,113.0514,钰龙天下佳园
201604,钰龙天下佳园,长沙,5383,5383,N/A,28.14586,113.0016,钰龙天下佳园
201604,钰龙天下佳园,长沙,6552,6552,N/A,28.26022,113.0247,钰龙天下佳园
201604,钰龙天下佳园,长沙,6552,6552,N/A,28.19091,113.03051,钰龙天下佳园
201604,钰龙天下佳园,长沙,6552,6552,N/A,28.17161,112.94089,钰龙天下佳园
201604,钰龙天下佳园,长沙,6552,6552,N/A,28.15623,113.0047,钰龙天下佳园
201604,钰龙天下佳园,长沙,8072,8072,N/A,28.20355,112.8875,钰龙天下佳园
201604,钰龙天下佳园,长沙,6552,6552,N/A,28.23282,112.94689,钰龙天下佳园
201604,钰龙天下佳园,长沙,6552,6552,N/A,28.23471,112.94542,钰龙天下佳园
201604,钰龙天下佳园,长沙,6552,6552,N/A,28.23471,112.94542,钰龙天下佳园
201604,钰龙天下佳园,长沙,6552,6552,N/A,28.12879,113.0285,钰龙天下佳园
201604,钰龙天下佳园,长沙,6552,6552,N/A,28.14644,113.0202,钰龙天下佳园
201604,钰龙天下佳园,长沙,6552,6552,N/A,28.14644,113.0202,钰龙天下佳园
201604,钰龙天下佳园,长沙,7271,7271,N/A,28.22534,112.9137,钰龙天下佳园
201604,钰龙天下佳园,长沙,6552,6552,N/A,28.19994,113.05251,钰龙天下佳园
201604,钰龙天下佳园,长沙,7271,7271,N/A,28.16823,113.0102,钰龙天下佳园
201604,钰龙天下佳园,长沙,7271,7271,N/A,28.1523,112.9966,钰龙天下佳园
201604,钰龙天下佳园,长沙,7271,7271,N/A,28.12763,113.0047,钰龙天下佳园
201604,钰龙天下佳园,长沙,7271,7271,N/A,28.1483,113.0025,钰龙天下佳园
201604,钰龙天下佳园,长沙,7271,7271,N/A,28.18582,113.0284,钰龙天下佳园
201604,钰龙天下佳园,长沙,7271,7271,N/A,28.15664,113.0049,钰龙天下佳园
201604,钰龙天下佳园,长沙,7271,7271,N/A,28.23471,112.94542,钰龙天下佳园
201604,钰龙天下佳园,长沙,7271,7271,N/A,28.12766,113.0223,钰龙天下佳园
201604,钰龙天下佳园,长沙,7271,7271,N/A,28.24143,112.9578,钰龙天下佳园
201604,钰龙天下佳园,长沙,7271,7271,N/A,28.18135,113.0309,钰龙天下佳园
201604,钰龙天下佳园,长沙,7271,7271,N/A,28.14256,113.02,钰龙天下佳园
201604,钰龙天下佳园,长沙,5907,5907,N/A,28.25649,112.9577,钰龙天下佳园
201604,钰龙天下佳园,长沙,5907,5907,N/A,28.13074,113.0001,钰龙天下佳园
201604,钰龙天下佳园,长沙,5907,5907,N/A,28.21415,112.9977,钰龙天下佳园
201604,钰龙天下佳园,长沙,5907,5907,N/A,28.25202,113.07489,钰龙天下佳园
201604,钰龙天下佳园,长沙,5907,5907,N/A,28.17642,113.013,钰龙天下佳园
201604,钰龙天下佳园,长沙,5907,5907,N/A,28.23059,113.0924,钰龙天下佳园
201604,钰龙天下佳园,长沙,5907,5907,N/A,28.18268,113.0082,钰龙天下佳园
201604,钰龙天下佳园,长沙,5907,5907,N/A,28.24943,113.2786,钰龙天下佳园
201604,钰龙天下佳园,长沙,5907,5907,N/A,28.21348,112.9794,钰龙天下佳园
201604,钰龙天下佳园,长沙,5907,5907,N/A,28.14844,112.9958,钰龙天下佳园
201604,钰龙天下佳园,长沙,5907,5907,N/A,28.15652,113.0034,钰龙天下佳园
201604,钰龙天下佳园,长沙,5907,5907,N/A,28.23324,113.12374,钰龙天下佳园
201604,钰龙天下佳园,长沙,7094,7094,N/A,28.23348,113.0819,钰龙天下佳园
201604,钰龙天下佳园,长沙,7094,7094,N/A,28.21348,112.9794,钰龙天下佳园
201604,钰龙天下佳园,长沙,7094,7094,N/A,28.23409,112.9152,钰龙天下佳园
201604,钰龙天下佳园,长沙,7094,7094,N/A,28.17797,113.0028,钰龙天下佳园
201604,钰龙天下佳园,长沙,7094,7094,N/A,28.16638,112.9601,钰龙天下佳园
201604,钰龙天下佳园,长沙,7094,7094,N/A,28.26817,113.0692,钰龙天下佳园
201604,钰龙天下佳园,长沙,7094,7094,N/A,28.23865,113.0699,钰龙天下佳园
201604,钰龙天下佳园,长沙,7094,7094,N/A,28.23617,112.9615,钰龙天下佳园
201604,钰龙天下佳园,长沙,7094,7094,N/A,28.25227,112.98726,钰龙天下佳园
201604,钰龙天下佳园,长沙,7094,7094,N/A,28.25227,112.98726,钰龙天下佳园
201604,钰龙天下佳园,长沙,7094,7094,N/A,0,0,钰龙天下佳园
201604,钰龙天下佳园,长沙,7094,7094,N/A,28.19498,113.02665,钰龙天下佳园
201604,钰龙天下佳园,长沙,6357,6357,N/A,28.1675,112.9773,钰龙天下佳园
201604,钰龙天下佳园,长沙,6357,6357,N/A,28.15356,113.03619,钰龙天下佳园
201604,钰龙天下佳园,长沙,6357,6357,N/A,28.22842,113.0105,钰龙天下佳园
201604,钰龙天下佳园,长沙,6357,6357,N/A,28.15909,113.0056,钰龙天下佳园
201604,钰龙天下佳园,长沙,6357,6357,N/A,28.26465,113.07063,钰龙天下佳园
201604,钰龙天下佳园,长沙,6357,6357,N/A,0,0,钰龙天下佳园
201604,钰龙天下佳园,长沙,6357,6357,N/A,28.22402,112.94245,钰龙天下佳园
201604,钰龙天下佳园,长沙,6357,6357,N/A,28.22832,112.9408,钰龙天下佳园
201604,钰龙天下佳园,长沙,6357,6357,N/A,28.69499,115.85945,钰龙天下佳园
201604,钰龙天下佳园,长沙,6357,6357,N/A,28.17123,113.0089,钰龙天下佳园
201604,钰龙天下佳园,长沙,6357,6357,N/A,28.24215,113.0706,钰龙天下佳园
201604,钰龙天下佳园,长沙,6357,6357,N/A,28.17322,112.9533,钰龙天下佳园
201604,钰龙天下佳园,长沙,6512,6512,N/A,28.17862,113.01303,钰龙天下佳园
201604,钰龙天下佳园,长沙,6512,6512,N/A,28.1757,113.01382,钰龙天下佳园
201604,钰龙天下佳园,长沙,6512,6512,N/A,28.23738,112.94569,钰龙天下佳园
201604,钰龙天下佳园,长沙,6512,6512,N/A,28.10602,112.8628,钰龙天下佳园
201604,钰龙天下佳园,长沙,6512,6512,N/A,28.13076,113.0137,钰龙天下佳园
201604,钰龙天下佳园,长沙,6512,6512,N/A,28.14753,113.0566,钰龙天下佳园
201604,钰龙天下佳园,长沙,6512,6512,N/A,28.21344,112.9966,钰龙天下佳园
201604,钰龙天下佳园,长沙,6512,6512,N/A,28.17642,113.013,钰龙天下佳园
201604,钰龙天下佳园,长沙,6512,6512,N/A,28.21348,112.9794,钰龙天下佳园
201604,钰龙天下佳园,长沙,6512,6512,N/A,28.21348,112.9794,钰龙天下佳园
201604,钰龙天下佳园,长沙,6512,6512,N/A,28.18275,113.0314,钰龙天下佳园
201604,钰龙天下佳园,长沙,6512,6512,N/A,28.14868,112.9065,钰龙天下佳园
201604,钰龙天下佳园,长沙,0,0,N/A,28.21863,112.9507,钰龙天下佳园
201604,钰龙天下佳园,长沙,0,0,N/A,28.14424,113.0499,钰龙天下佳园
201604,钰龙天下佳园,长沙,0,0,N/A,28.24313,113.0206,钰龙天下佳园
201604,钰龙天下佳园,长沙,0,0,N/A,28.12428,113.0455,钰龙天下佳园
201604,钰龙天下佳园,长沙,0,0,N/A,28.17762,112.9951,钰龙天下佳园
201604,钰龙天下佳园,长沙,0,0,N/A,28.13791,112.9993,钰龙天下佳园
201604,钰龙天下佳园,长沙,0,0,N/A,28.22965,112.9589,钰龙天下佳园
201604,钰龙天下佳园,长沙,0,0,N/A,28.21531,113.0389,钰龙天下佳园
201604,钰龙天下佳园,长沙,0,0,N/A,28.24356,113.0258,钰龙天下佳园
201604,钰龙天下佳园,长沙,0,0,N/A,28.19276,113.0136,钰龙天下佳园
201604,钰龙天下佳园,长沙,0,0,N/A,28.19035,112.99335,钰龙天下佳园
201604,钰龙天下佳园,长沙,0,0,N/A,28.16065,112.9993,钰龙天下佳园
201604,路劲i主场,苏州,27174,27174,N/A,31.31342,120.77031,路劲i主场
201604,友爱南里,天津,15004,15004,N/A,39.10793,117.26964,友爱南里
201604,路劲i主场,苏州,27174,27174,N/A,31.31356,120.77301,路劲i主场
201604,路劲i主场,苏州,27174,27174,N/A,31.30044,120.68457,路劲i主场
201604,新河一村,南京,37976,37976,N/A,0,0,新河一村
201604,钰龙天下佳园,长沙,6759,6759,N/A,28.252,112.9395,钰龙天下佳园
201604,蓝光圣菲TOWN城,成都,7352,7352,N/A,30.57544,104.00917,蓝光圣菲TOWN城
201604,友爱南里,天津,15004,15004,N/A,39.0877,117.2424,友爱南里
201604,友爱南里,天津,15004,15004,N/A,39.12306,117.2764,友爱南里
201604,钰龙天下佳园,长沙,6759,6759,N/A,28.252,112.9395,钰龙天下佳园
201604,路劲i主场,苏州,27174,27174,N/A,31.32456,120.65801,路劲i主场
201604,新河一村,南京,37976,37976,N/A,32.08436,118.74098,新河一村
201604,新河一村,南京,37976,37976,N/A,32.04708,118.7493,新河一村
201604,新河一村,南京,37976,37976,N/A,32.07202,118.74188,新河一村
201604,奥林匹克花园,太原,7762,7762,N/A,37.86252,112.48738,奥林匹克花园
201604,蓝光圣菲TOWN城,成都,7352,7352,N/A,30.57544,104.00917,蓝光圣菲TOWN城
201604,钰龙天下佳园,长沙,6759,6759,N/A,28.22405,112.936,钰龙天下佳园
201604,钰龙天下佳园,长沙,6759,6759,N/A,28.22793,112.9336,钰龙天下佳园
201604,钰龙天下佳园,长沙,6759,6759,N/A,28.22827,112.9228,钰龙天下佳园
201604,钰龙天下佳园,长沙,6759,6759,N/A,28.19993,113.03352,钰龙天下佳园
201604,钰龙天下佳园,长沙,6759,6759,N/A,28.1447,113.0017,钰龙天下佳园
201604,蓝光圣菲TOWN城,成都,7352,7352,N/A,30.68683,103.85911,蓝光圣菲TOWN城
201604,蓝光圣菲TOWN城,成都,7352,7352,N/A,30.72126,104.11906,蓝光圣菲TOWN城
201604,蓝光圣菲TOWN城,成都,7352,7352,N/A,30.60393,104.09139,蓝光圣菲TOWN城
201604,蓝光圣菲TOWN城,成都,7352,7352,N/A,30.69265,103.8993,蓝光圣菲TOWN城
201604,翡翠城,杭州,16714,16714,N/A,30.24884,120.02795,翡翠城
201604,梅园三街坊,上海,100137,100137,N/A,0,0,梅园三街坊
201604,利海·亚洲国际,南宁,8788,8788,N/A,22.81577,108.40491,利海·亚洲国际
201604,荣丰2008,北京,75377,75377,N/A,39.89987,116.34296,荣丰2008
201604,锦绣江南一期,武汉,13239,13239,N/A,30.57207,114.35841,锦绣江南一期
201604,荣丰2008,北京,75377,75377,N/A,39.89987,116.34296,荣丰2008
201604,友爱南里,天津,15004,15004,N/A,39.13568,117.19735,友爱南里
201604,友爱南里,天津,15004,15004,N/A,39.16879,117.1449,友爱南里
201604,友爱南里,天津,15004,15004,N/A,39.07643,117.21577,友爱南里
201604,钰龙天下佳园,长沙,6759,6759,N/A,28.22405,112.936,钰龙天下佳园
201604,钰龙天下佳园,长沙,6759,6759,N/A,28.22793,112.9336,钰龙天下佳园
201604,钰龙天下佳园,长沙,6759,6759,N/A,28.22827,112.9228,钰龙天下佳园
201604,路劲i主场,苏州,27174,27174,N/A,31.28727,120.54301,路劲i主场
201604,路劲i主场,苏州,27174,27174,N/A,31.33443,120.71484,路劲i主场
201604,路劲i主场,苏州,27174,27174,N/A,31.32406,120.74489,路劲i主场
201604,翡翠城,杭州,16714,16714,N/A,30.24884,120.02795,翡翠城
201604,红角洲绿地海域香廷,南昌,21870,21870,N/A,28.67056,115.83651,红角洲绿地海域香廷
201604,新河一村,南京,37976,37976,N/A,0,0,新河一村
201604,新河一村,南京,37976,37976,N/A,0,0,新河一村
201604,新河一村,南京,37976,37976,N/A,32.05807,118.75089,新河一村
201604,新河一村,南京,37976,37976,N/A,32.04769,118.73772,新河一村
201604,奥林匹克花园,太原,7762,7762,N/A,37.75079,112.58461,奥林匹克花园
201604,奥林匹克花园,太原,7762,7762,N/A,37.84537,11.2514,奥林匹克花园
201604,奥林匹克花园,太原,7762,7762,N/A,37.8286,112.5124,奥林匹克花园
201604,蓝光圣菲TOWN城,成都,7352,7352,N/A,30.68683,103.85911,蓝光圣菲TOWN城
201604,蓝光圣菲TOWN城,成都,7352,7352,N/A,30.72126,104.11906,蓝光圣菲TOWN城
201604,钰龙天下佳园,长沙,6759,6759,N/A,28.24252,112.9408,钰龙天下佳园
201604,钰龙天下佳园,长沙,6759,6759,N/A,28.18745,113.04059,钰龙天下佳园
201604,蓝光圣菲TOWN城,成都,7352,7352,N/A,30.72937,104.06663,蓝光圣菲TOWN城
201604,蓝光圣菲TOWN城,成都,7352,7352,N/A,30.69412,104.09584,蓝光圣菲TOWN城
201604,翡翠城,杭州,16714,16714,N/A,30.29617,120.12765,翡翠城
201604,翡翠城,杭州,16714,16714,N/A,30.24088,120.02138,翡翠城
201604,翡翠城,杭州,16714,16714,N/A,30.30518,120.1794,翡翠城
201604,梅园三街坊,上海,100137,100137,N/A,31.26867,121.59917,梅园三街坊
201604,梅园三街坊,上海,100137,100137,N/A,31.14289,121.4437,梅园三街坊
201604,梅园三街坊,上海,100137,100137,N/A,31.2263,121.53353,梅园三街坊
201604,利海·亚洲国际,南宁,8788,8788,N/A,22.81521,108.42351,利海·亚洲国际
201604,利海·亚洲国际,南宁,8788,8788,N/A,22.8163,108.42663,利海·亚洲国际
201604,利海·亚洲国际,南宁,8788,8788,N/A,22.81678,108.41773,利海·亚洲国际
201604,荣丰2008,北京,75377,75377,N/A,40.07455,116.33042,荣丰2008
201604,荣丰2008,北京,75377,75377,N/A,40.07206,116.43922,荣丰2008
201604,锦绣江南一期,武汉,13239,13239,N/A,30.61582,114.22314,锦绣江南一期
201604,锦绣江南一期,武汉,13239,13239,N/A,30.56801,114.35466,锦绣江南一期
201604,锦绣江南一期,武汉,13239,13239,N/A,30.57024,114.35843,锦绣江南一期
201604,荣丰2008,北京,75377,75377,N/A,40.07455,116.33042,荣丰2008
201604,荣丰2008,北京,75377,75377,N/A,40.07206,116.43922,荣丰2008
201604,荣丰2008,北京,75377,75377,N/A,39.86813,116.50544,荣丰2008
201604,友爱南里,天津,15004,15004,N/A,39.11052,117.19835,友爱南里
201604,友爱南里,天津,15004,15004,N/A,39.11076,117.21991,友爱南里
201604,钰龙天下佳园,长沙,6759,6759,N/A,28.19993,113.03352,钰龙天下佳园
201604,钰龙天下佳园,长沙,6759,6759,N/A,28.1447,113.0017,钰龙天下佳园
201604,钰龙天下佳园,长沙,6759,6759,N/A,28.24252,112.9408,钰龙天下佳园
201604,路劲i主场,苏州,27174,27174,N/A,31.31723,120.74548,路劲i主场
201604,路劲i主场,苏州,27174,27174,N/A,31.27585,120.56108,路劲i主场
201604,翡翠城,杭州,16714,16714,N/A,30.29617,120.12765,翡翠城
201604,翡翠城,杭州,16714,16714,N/A,30.24088,120.02138,翡翠城
201604,红角洲绿地海域香廷,南昌,21870,21870,N/A,28.66984,115.84389,红角洲绿地海域香廷
201604,红角洲绿地海域香廷,南昌,21870,21870,N/A,28.67174,115.84983,红角洲绿地海域香廷
201604,新河一村,南京,37976,37976,N/A,32.08436,118.74098,新河一村
201604,新河一村,南京,37976,37976,N/A,32.04708,118.7493,新河一村
201604,新河一村,南京,37976,37976,N/A,32.07202,118.74188,新河一村
201604,新河一村,南京,37976,37976,N/A,32.05914,118.75361,新河一村
201604,新河一村,南京,37976,37976,N/A,32.06446,118.74427,新河一村
201604,新河一村,南京,37976,37976,N/A,3.2048,118.74377,新河一村
201604,奥林匹克花园,太原,7762,7762,N/A,37.85082,112.59228,奥林匹克花园
201604,奥林匹克花园,太原,7762,7762,N/A,37.83006,112.59096,奥林匹克花园
201604,奥林匹克花园,太原,7762,7762,N/A,37.82835,112.5946,奥林匹克花园
201604,红角洲绿地海域香廷,南昌,21870,21870,N/A,28.67056,115.83651,红角洲绿地海域香廷
201604,蓝光圣菲TOWN城,成都,7352,7352,N/A,30.60393,104.09139,蓝光圣菲TOWN城
201604,蓝光圣菲TOWN城,成都,7352,7352,N/A,30.69265,103.8993,蓝光圣菲TOWN城
201604,钰龙天下佳园,长沙,6759,6759,N/A,0,0,钰龙天下佳园
201604,钰龙天下佳园,长沙,6759,6759,N/A,28.24721,112.9555,钰龙天下佳园
201604,蓝光圣菲TOWN城,成都,7352,7352,N/A,30.70463,104.10383,蓝光圣菲TOWN城
201604,蓝光圣菲TOWN城,成都,7352,7352,N/A,30.73544,103.84086,蓝光圣菲TOWN城
201604,蓝光圣菲TOWN城,成都,7352,7352,N/A,30.65525,104.09867,蓝光圣菲TOWN城
201604,翡翠城,杭州,16714,16714,N/A,30.28382,120.18734,翡翠城
201604,翡翠城,杭州,16714,16714,N/A,30.29493,120.06982,翡翠城
201604,翡翠城,杭州,16714,16714,N/A,30.27708,120.11544,翡翠城
201604,梅园三街坊,上海,100137,100137,N/A,31.22457,121.53051,梅园三街坊
201604,梅园三街坊,上海,100137,100137,N/A,0,0,梅园三街坊
201604,梅园三街坊,上海,100137,100137,N/A,0,0,梅园三街坊
201604,利海·亚洲国际,南宁,8788,8788,N/A,22.80783,108.39954,利海·亚洲国际
201604,利海·亚洲国际,南宁,8788,8788,N/A,22.80952,108.40581,利海·亚洲国际
201604,荣丰2008,北京,75377,75377,N/A,39.86813,116.50544,荣丰2008
201604,荣丰2008,北京,75377,75377,N/A,40.08297,116.42371,荣丰2008
201604,锦绣江南一期,武汉,13239,13239,N/A,30.56844,114.36002,锦绣江南一期
201604,锦绣江南一期,武汉,13239,13239,N/A,30.5988,114.39471,锦绣江南一期
201604,锦绣江南一期,武汉,13239,13239,N/A,30.51185,114.43253,锦绣江南一期
201604,荣丰2008,北京,75377,75377,N/A,40.08297,116.42371,荣丰2008
201604,荣丰2008,北京,75377,75377,N/A,40.0054,116.38549,荣丰2008
201604,荣丰2008,北京,75377,75377,N/A,39.97292,116.38386,荣丰2008
201604,荣丰2008,北京,75377,75377,N/A,40.07968,116.4349,荣丰2008
201604,友爱南里,天津,15004,15004,N/A,39.06963,117.21977,友爱南里
201604,友爱南里,天津,15004,15004,N/A,39.07079,117.22111,友爱南里
201604,友爱南里,天津,15004,15004,N/A,39.07453,117.21622,友爱南里
201604,钰龙天下佳园,长沙,6759,6759,N/A,28.18745,113.04059,钰龙天下佳园
201604,钰龙天下佳园,长沙,6759,6759,N/A,0,0,钰龙天下佳园
201604,钰龙天下佳园,长沙,6759,6759,N/A,28.24721,112.9555,钰龙天下佳园
201604,路劲i主场,苏州,27174,27174,N/A,31.30024,120.69484,路劲i主场
201604,路劲i主场,苏州,27174,27174,N/A,31.32508,120.67212,路劲i主场
201604,路劲i主场,苏州,27174,27174,N/A,31.27086,120.55887,路劲i主场
201604,路劲i主场,苏州,27174,27174,N/A,31.31342,120.77031,路劲i主场
201604,梅园三街坊,上海,100137,100137,N/A,0,0,梅园三街坊
201604,翡翠城,杭州,16714,16714,N/A,30.30518,120.1794,翡翠城
201604,翡翠城,杭州,16714,16714,N/A,30.28382,120.18734,翡翠城
201604,翡翠城,杭州,16714,16714,N/A,30.29493,120.06982,翡翠城
201604,红角洲绿地海域香廷,南昌,21870,21870,N/A,28.71314,115.86788,红角洲绿地海域香廷
201604,新河一村,南京,37976,37976,N/A,0,0,新河一村
201604,新河一村,南京,37976,37976,N/A,32.05807,118.75089,新河一村
201604,新河一村,南京,37976,37976,N/A,32.04769,118.73772,新河一村
201604,新河一村,南京,37976,37976,N/A,32.05171,118.75274,新河一村
201604,新河一村,南京,37976,37976,N/A,32.06625,118.75152,新河一村
201604,奥林匹克花园,太原,7762,7762,N/A,0,0,奥林匹克花园
201604,奥林匹克花园,太原,7762,7762,N/A,37.82903,112.55876,奥林匹克花园
201604,奥林匹克花园,太原,7762,7762,N/A,37.90922,112.5635,奥林匹克花园
201604,红角洲绿地海域香廷,南昌,21870,21870,N/A,28.66984,115.84389,红角洲绿地海域香廷
201604,红角洲绿地海域香廷,南昌,21870,21870,N/A,28.67174,115.84983,红角洲绿地海域香廷
201604,红角洲绿地海域香廷,南昌,21870,21870,N/A,28.71314,115.86788,红角洲绿地海域香廷
201604,蓝光圣菲TOWN城,成都,7352,7352,N/A,30.72937,104.06663,蓝光圣菲TOWN城
201604,蓝光圣菲TOWN城,成都,7352,7352,N/A,30.69412,104.09584,蓝光圣菲TOWN城
201604,蓝光圣菲TOWN城,成都,7352,7352,N/A,30.70463,104.10383,蓝光圣菲TOWN城
201604,钰龙天下佳园,长沙,6759,6759,N/A,28.18306,113.0084,钰龙天下佳园
201604,钰龙天下佳园,长沙,6759,6759,N/A,28.2635,112.9359,钰龙天下佳园
201604,蓝光圣菲TOWN城,成都,7352,7352,N/A,30.68246,103.89102,蓝光圣菲TOWN城
201604,蓝光圣菲TOWN城,成都,7352,7352,N/A,30.65497,104.09899,蓝光圣菲TOWN城
201604,翡翠城,杭州,16714,16714,N/A,30.28444,120.17921,翡翠城
201604,翡翠城,杭州,16714,16714,N/A,30.32329,120.17312,翡翠城
201604,翡翠城,杭州,16714,16714,N/A,30.27873,120.18731,翡翠城
201604,梅园三街坊,上海,100137,100137,N/A,31.23772,121.53593,梅园三街坊
201604,梅园三街坊,上海,100137,100137,N/A,31.14496,121.42909,梅园三街坊
201604,利海·亚洲国际,南宁,8788,8788,N/A,22.81055,108.39837,利海·亚洲国际
201604,利海·亚洲国际,南宁,8788,8788,N/A,0,0,利海·亚洲国际
201604,荣丰2008,北京,75377,75377,N/A,40.0054,116.38549,荣丰2008
201604,荣丰2008,北京,75377,75377,N/A,39.97292,116.38386,荣丰2008
201604,荣丰2008,北京,75377,75377,N/A,40.07968,116.4349,荣丰2008
201604,锦绣江南一期,武汉,13239,13239,N/A,30.56844,114.36002,锦绣江南一期
201604,锦绣江南一期,武汉,13239,13239,N/A,30.62723,114.21887,锦绣江南一期
201604,锦绣江南一期,武汉,13239,13239,N/A,30.58295,114.37894,锦绣江南一期
201604,荣丰2008,北京,75377,75377,N/A,40.05162,116.42217,荣丰2008
201604,荣丰2008,北京,75377,75377,N/A,39.81262,11.6502,荣丰2008
201604,荣丰2008,北京,75377,75377,N/A,39.90331,116.47494,荣丰2008
201604,友爱南里,天津,15004,15004,N/A,39.07927,117.21942,友爱南里
201604,钰龙天下佳园,长沙,6759,6759,N/A,28.18306,113.0084,钰龙天下佳园
201604,钰龙天下佳园,长沙,6759,6759,N/A,28.2635,112.9359,钰龙天下佳园
201604,路劲i主场,苏州,27174,27174,N/A,31.31356,120.77301,路劲i主场
201604,路劲i主场,苏州,27174,27174,N/A,31.30044,120.68457,路劲i主场
201604,梅园三街坊,上海,100137,100137,N/A,31.26867,121.59917,梅园三街坊
201604,梅园三街坊,上海,100137,100137,N/A,31.14289,121.4437,梅园三街坊
201604,梅园三街坊,上海,100137,100137,N/A,31.2263,121.53353,梅园三街坊
201604,翡翠城,杭州,16714,16714,N/A,30.27708,120.11544,翡翠城
201604,翡翠城,杭州,16714,16714,N/A,30.28444,120.17921,翡翠城
201604,翡翠城,杭州,16714,16714,N/A,30.32329,120.17312,翡翠城
201604,友爱南里,天津,15004,15004,N/A,39.10793,117.26964,友爱南里
201604,利海·亚洲国际,南宁,8788,8788,N/A,22.81577,108.40491,利海·亚洲国际
201604,红角洲绿地海域香廷,南昌,21870,21870,N/A,28.71118,115.91855,红角洲绿地海域香廷
201604,红角洲绿地海域香廷,南昌,21870,21870,N/A,28.66911,115.84757,红角洲绿地海域香廷
201604,红角洲绿地海域香廷,南昌,21870,21870,N/A,28.67893,115.94412,红角洲绿地海域香廷
201604,新河一村,南京,37976,37976,N/A,32.05914,118.75361,新河一村
201604,新河一村,南京,37976,37976,N/A,32.06446,118.74427,新河一村
201604,新河一村,南京,37976,37976,N/A,3.2048,118.74377,新河一村
201604,奥林匹克花园,太原,7762,7762,N/A,37.90364,112.59972,奥林匹克花园
201604,奥林匹克花园,太原,7762,7762,N/A,37.86338,112.58124,奥林匹克花园
201604,红角洲绿地海域香廷,南昌,21870,21870,N/A,28.71118,115.91855,红角洲绿地海域香廷
201604,红角洲绿地海域香廷,南昌,21870,21870,N/A,28.66911,115.84757,红角洲绿地海域香廷
201604,红角洲绿地海域香廷,南昌,21870,21870,N/A,28.67893,115.94412,红角洲绿地海域香廷
201604,蓝光圣菲TOWN城,成都,7352,7352,N/A,30.73544,103.84086,蓝光圣菲TOWN城
201604,蓝光圣菲TOWN城,成都,7352,7352,N/A,30.65525,104.09867,蓝光圣菲TOWN城
201604,蓝光圣菲TOWN城,成都,7352,7352,N/A,30.68246,103.89102,蓝光圣菲TOWN城
201604,翡翠城,杭州,16714,16714,N/A,30.29254,120.16589,翡翠城
201604,翡翠城,杭州,16714,16714,N/A,30.30365,120.10196,翡翠城
201604,梅园三街坊,上海,100137,100137,N/A,0,0,梅园三街坊
201604,梅园三街坊,上海,100137,100137,N/A,31.2744,121.60101,梅园三街坊
201604,梅园三街坊,上海,100137,100137,N/A,31.25445,121.58634,梅园三街坊
201604,利海·亚洲国际,南宁,8788,8788,N/A,22.80722,108.42954,利海·亚洲国际
201604,利海·亚洲国际,南宁,8788,8788,N/A,22.81679,108.40934,利海·亚洲国际
201604,荣丰2008,北京,75377,75377,N/A,40.05162,116.42217,荣丰2008
201604,荣丰2008,北京,75377,75377,N/A,39.81262,11.6502,荣丰2008
201604,荣丰2008,北京,75377,75377,N/A,39.90331,116.47494,荣丰2008
201604,锦绣江南一期,武汉,13239,13239,N/A,30.60064,114.30462,锦绣江南一期
201604,锦绣江南一期,武汉,13239,13239,N/A,30.67524,114.58082,锦绣江南一期
201604,荣丰2008,北京,75377,75377,N/A,39.89758,116.47585,荣丰2008
201604,路劲i主场,苏州,27174,27174,N/A,31.32456,120.65801,路劲i主场
201604,路劲i主场,苏州,27174,27174,N/A,31.28727,120.54301,路劲i主场
201604,梅园三街坊,上海,100137,100137,N/A,31.22457,121.53051,梅园三街坊
201604,梅园三街坊,上海,100137,100137,N/A,0,0,梅园三街坊
201604,翡翠城,杭州,16714,16714,N/A,30.27873,120.18731,翡翠城
201604,翡翠城,杭州,16714,16714,N/A,30.29254,120.16589,翡翠城
201604,翡翠城,杭州,16714,16714,N/A,30.30365,120.10196,翡翠城
201604,友爱南里,天津,15004,15004,N/A,39.0877,117.2424,友爱南里
201604,友爱南里,天津,15004,15004,N/A,39.12306,117.2764,友爱南里
201604,友爱南里,天津,15004,15004,N/A,39.13568,117.19735,友爱南里
201604,利海·亚洲国际,南宁,8788,8788,N/A,22.81521,108.42351,利海·亚洲国际
201604,利海·亚洲国际,南宁,8788,8788,N/A,22.8163,108.42663,利海·亚洲国际
201604,利海·亚洲国际,南宁,8788,8788,N/A,22.81678,108.41773,利海·亚洲国际
201604,利海·亚洲国际,南宁,8788,8788,N/A,22.80783,108.39954,利海·亚洲国际
201604,红角洲绿地海域香廷,南昌,21870,21870,N/A,28.72524,115.85575,红角洲绿地海域香廷
201604,红角洲绿地海域香廷,南昌,21870,21870,N/A,28.67188,115.84918,红角洲绿地海域香廷
201604,新河一村,南京,37976,37976,N/A,32.05171,118.75274,新河一村
201604,新河一村,南京,37976,37976,N/A,32.06625,118.75152,新河一村
201604,红角洲绿地海域香廷,南昌,21870,21870,N/A,28.72524,115.85575,红角洲绿地海域香廷
201604,红角洲绿地海域香廷,南昌,21870,21870,N/A,28.67188,115.84918,红角洲绿地海域香廷
201604,红角洲绿地海域香廷,南昌,21870,21870,N/A,28.66427,115.88227,红角洲绿地海域香廷
201604,蓝光圣菲TOWN城,成都,7352,7352,N/A,30.65497,104.09899,蓝光圣菲TOWN城
201604,利海·亚洲国际,南宁,8788,8788,N/A,22.81353,108.4042,利海·亚洲国际
201604,利海·亚洲国际,南宁,8788,8788,N/A,22.80744,108.45741,利海·亚洲国际
201604,荣丰2008,北京,75377,75377,N/A,39.89758,116.47585,荣丰2008
201604,路劲i主场,苏州,27174,27174,N/A,31.33443,120.71484,路劲i主场
201604,路劲i主场,苏州,27174,27174,N/A,31.32406,120.74489,路劲i主场
201604,路劲i主场,苏州,27174,27174,N/A,31.31723,120.74548,路劲i主场
201604,梅园三街坊,上海,100137,100137,N/A,0,0,梅园三街坊
201604,梅园三街坊,上海,100137,100137,N/A,31.23772,121.53593,梅园三街坊
201604,梅园三街坊,上海,100137,100137,N/A,31.14496,121.42909,梅园三街坊
201604,锦绣江南一期,武汉,13239,13239,N/A,30.57207,114.35841,锦绣江南一期
201604,奥林匹克花园,太原,7762,7762,N/A,37.86252,112.48738,奥林匹克花园
201604,友爱南里,天津,15004,15004,N/A,39.16879,117.1449,友爱南里
201604,友爱南里,天津,15004,15004,N/A,39.07643,117.21577,友爱南里
201604,友爱南里,天津,15004,15004,N/A,39.11052,117.19835,友爱南里
201604,利海·亚洲国际,南宁,8788,8788,N/A,22.80952,108.40581,利海·亚洲国际
201604,利海·亚洲国际,南宁,8788,8788,N/A,22.81055,108.39837,利海·亚洲国际
201604,利海·亚洲国际,南宁,8788,8788,N/A,0,0,利海·亚洲国际
201604,红角洲绿地海域香廷,南昌,21870,21870,N/A,28.66427,115.88227,红角洲绿地海域香廷
201604,红角洲绿地海域香廷,南昌,21870,21870,N/A,28.67281,115.84759,红角洲绿地海域香廷
201604,红角洲绿地海域香廷,南昌,21870,21870,N/A,28.71788,115.94647,红角洲绿地海域香廷
201604,红角洲绿地海域香廷,南昌,21870,21870,N/A,28.67281,115.84759,红角洲绿地海域香廷
201604,红角洲绿地海域香廷,南昌,21870,21870,N/A,28.71788,115.94647,红角洲绿地海域香廷
201604,路劲i主场,苏州,27174,27174,N/A,31.27585,120.56108,路劲i主场
201604,路劲i主场,苏州,27174,27174,N/A,31.30024,120.69484,路劲i主场
201604,梅园三街坊,上海,100137,100137,N/A,0,0,梅园三街坊
201604,梅园三街坊,上海,100137,100137,N/A,31.2744,121.60101,梅园三街坊
201604,梅园三街坊,上海,100137,100137,N/A,31.25445,121.58634,梅园三街坊
201604,锦绣江南一期,武汉,13239,13239,N/A,30.61582,114.22314,锦绣江南一期
201604,锦绣江南一期,武汉,13239,13239,N/A,30.56801,114.35466,锦绣江南一期
201604,锦绣江南一期,武汉,13239,13239,N/A,30.57024,114.35843,锦绣江南一期
201604,奥林匹克花园,太原,7762,7762,N/A,37.75079,112.58461,奥林匹克花园
201604,奥林匹克花园,太原,7762,7762,N/A,37.84537,11.2514,奥林匹克花园
201604,奥林匹克花园,太原,7762,7762,N/A,37.8286,112.5124,奥林匹克花园
201604,友爱南里,天津,15004,15004,N/A,39.11076,117.21991,友爱南里
201604,友爱南里,天津,15004,15004,N/A,39.06963,117.21977,友爱南里
201604,友爱南里,天津,15004,15004,N/A,39.07079,117.22111,友爱南里
201604,利海·亚洲国际,南宁,8788,8788,N/A,22.80722,108.42954,利海·亚洲国际
201604,利海·亚洲国际,南宁,8788,8788,N/A,22.81679,108.40934,利海·亚洲国际
201604,路劲i主场,苏州,27174,27174,N/A,31.32508,120.67212,路劲i主场
201604,路劲i主场,苏州,27174,27174,N/A,31.27086,120.55887,路劲i主场
201604,锦绣江南一期,武汉,13239,13239,N/A,30.56844,114.36002,锦绣江南一期
201604,锦绣江南一期,武汉,13239,13239,N/A,30.5988,114.39471,锦绣江南一期
201604,锦绣江南一期,武汉,13239,13239,N/A,30.51185,114.43253,锦绣江南一期
201604,锦绣江南一期,武汉,13239,13239,N/A,30.56844,114.36002,锦绣江南一期
201604,奥林匹克花园,太原,7762,7762,N/A,37.85082,112.59228,奥林匹克花园
201604,奥林匹克花园,太原,7762,7762,N/A,37.83006,112.59096,奥林匹克花园
201604,奥林匹克花园,太原,7762,7762,N/A,37.82835,112.5946,奥林匹克花园
201604,友爱南里,天津,15004,15004,N/A,39.07453,117.21622,友爱南里
201604,友爱南里,天津,15004,15004,N/A,39.07927,117.21942,友爱南里
201604,利海·亚洲国际,南宁,8788,8788,N/A,22.81353,108.4042,利海·亚洲国际
201604,利海·亚洲国际,南宁,8788,8788,N/A,22.80744,108.45741,利海·亚洲国际
201604,锦绣江南一期,武汉,13239,13239,N/A,30.62723,114.21887,锦绣江南一期
201604,锦绣江南一期,武汉,13239,13239,N/A,30.58295,114.37894,锦绣江南一期
201604,奥林匹克花园,太原,7762,7762,N/A,0,0,奥林匹克花园
201604,奥林匹克花园,太原,7762,7762,N/A,37.82903,112.55876,奥林匹克花园
201604,奥林匹克花园,太原,7762,7762,N/A,37.90922,112.5635,奥林匹克花园
201604,锦绣江南一期,武汉,13239,13239,N/A,30.60064,114.30462,锦绣江南一期
201604,锦绣江南一期,武汉,13239,13239,N/A,30.67524,114.58082,锦绣江南一期
201604,奥林匹克花园,太原,7762,7762,N/A,37.90364,112.59972,奥林匹克花园
201604,奥林匹克花园,太原,7762,7762,N/A,37.86338,112.58124,奥林匹克花园
201604,荣丰2008,北京,41839,41839,N/A,40.04706,116.43519,荣丰2008
201604,荣丰2008,北京,41839,41839,N/A,39.76831,116.31749,荣丰2008
201604,荣丰2008,北京,41839,41839,N/A,39.89946,116.47771,荣丰2008
201604,荣丰2008,北京,41839,41839,N/A,3.9993,116.32753,荣丰2008
201604,荣丰2008,北京,41839,41839,N/A,3.9974,116.40961,荣丰2008
201604,荣丰2008,北京,41839,41839,N/A,39.92559,116.43329,荣丰2008
201604,荣丰2008,北京,41839,41839,N/A,39.88283,116.3463,荣丰2008
201604,荣丰2008,北京,41839,41839,N/A,39.90357,116.22431,荣丰2008
201604,荣丰2008,北京,41839,41839,N/A,39.97865,116.3307,荣丰2008
201604,荣丰2008,北京,41839,41839,N/A,39.98607,116.38426,荣丰2008
201604,荣丰2008,北京,41839,41839,N/A,40.01047,116.42012,荣丰2008
201604,荣丰2008,北京,41839,41839,N/A,39.92838,116.46846,荣丰2008
201604,钰龙天下佳园,长沙,5908,5908,N/A,28.16647,113.01467,钰龙天下佳园
201604,钰龙天下佳园,长沙,5908,5908,N/A,28.18045,113.008,钰龙天下佳园
201604,钰龙天下佳园,长沙,5908,5908,N/A,28.22402,112.94245,钰龙天下佳园
201604,翡翠城,杭州,24766,24766,N/A,30.20913,120.19956,翡翠城
201604,钰龙天下佳园,长沙,5908,5908,N/A,28.1729,112.95617,钰龙天下佳园
201604,钰龙天下佳园,长沙,5908,5908,N/A,28.16312,113.0336,钰龙天下佳园
201604,钰龙天下佳园,长沙,5908,5908,N/A,28.16077,112.9999,钰龙天下佳园
201604,翡翠城,杭州,24766,24766,N/A,30.3412,120.09788,翡翠城
201604,翡翠城,杭州,24766,24766,N/A,30.28862,120.38612,翡翠城
201604,翡翠城,杭州,24766,24766,N/A,30.22663,120.23968,翡翠城
201604,钰龙天下佳园,长沙,5908,5908,N/A,28.23429,113.1171,钰龙天下佳园
201604,钰龙天下佳园,长沙,5908,5908,N/A,28.19094,113.02999,钰龙天下佳园
201604,钰龙天下佳园,长沙,5908,5908,N/A,0,0,钰龙天下佳园
201604,钰龙天下佳园,长沙,5908,5908,N/A,28.13837,112.9804,钰龙天下佳园
201604,翡翠城,杭州,24766,24766,N/A,0,0,翡翠城
201604,翡翠城,杭州,24766,24766,N/A,30.1955,120.16218,翡翠城
201604,钰龙天下佳园,长沙,5908,5908,N/A,28.2635,112.9359,钰龙天下佳园
201604,钰龙天下佳园,长沙,5908,5908,N/A,28.23514,113.0655,钰龙天下佳园
201604,翡翠城,杭州,24766,24766,N/A,30.23767,120.21352,翡翠城
201604,翡翠城,杭州,24766,24766,N/A,0,0,翡翠城
201604,翡翠城,杭州,24766,24766,N/A,30.28154,120.12011,翡翠城
201604,翡翠城,杭州,24766,24766,N/A,30.32534,120.26391,翡翠城
201604,翡翠城,杭州,24766,24766,N/A,30.18272,120.1395,翡翠城
201604,翡翠城,杭州,24766,24766,N/A,30.37273,120.03291,翡翠城
201604,红角洲绿地海域香廷,南昌,24031,24031,N/A,28.68978,115.89405,红角洲绿地海域香廷
201604,红角洲绿地海域香廷,南昌,24031,24031,N/A,28.65389,115.9181,红角洲绿地海域香廷
201604,红角洲绿地海域香廷,南昌,24031,24031,N/A,28.67359,115.97274,红角洲绿地海域香廷
201604,红角洲绿地海域香廷,南昌,24031,24031,N/A,28.67759,115.96253,红角洲绿地海域香廷
201604,红角洲绿地海域香廷,南昌,24031,24031,N/A,28.70412,115.90519,红角洲绿地海域香廷
201604,奥林匹克花园,太原,8744,8744,N/A,37.79066,112.60477,奥林匹克花园
201604,红角洲绿地海域香廷,南昌,24031,24031,N/A,28.67649,115.90019,红角洲绿地海域香廷
201604,红角洲绿地海域香廷,南昌,24031,24031,N/A,28.67771,115.89938,红角洲绿地海域香廷
201604,红角洲绿地海域香廷,南昌,24031,24031,N/A,28.63678,115.85904,红角洲绿地海域香廷
201604,红角洲绿地海域香廷,南昌,24031,24031,N/A,28.66948,115.84881,红角洲绿地海域香廷
201604,奥林匹克花园,太原,8744,8744,N/A,0,0,奥林匹克花园
201604,奥林匹克花园,太原,8744,8744,N/A,0,0,奥林匹克花园
201604,红角洲绿地海域香廷,南昌,24031,24031,N/A,28.67944,115.79231,红角洲绿地海域香廷
201604,红角洲绿地海域香廷,南昌,24031,24031,N/A,28.69988,115.94536,红角洲绿地海域香廷
201604,红角洲绿地海域香廷,南昌,24031,24031,N/A,28.67893,115.85941,红角洲绿地海域香廷
201604,友爱南里,天津,15540,15540,N/A,39.11113,117.27398,友爱南里
201604,奥林匹克花园,太原,8744,8744,N/A,37.86663,112.61506,奥林匹克花园
201604,奥林匹克花园,太原,8744,8744,N/A,37.85559,112.55086,奥林匹克花园
201604,友爱南里,天津,15540,15540,N/A,0,0,友爱南里
201604,友爱南里,天津,15540,15540,N/A,39.12975,117.18569,友爱南里
201604,友爱南里,天津,15540,15540,N/A,39.09477,117.31777,友爱南里
201604,奥林匹克花园,太原,8744,8744,N/A,37.86503,112.58736,奥林匹克花园
201604,奥林匹克花园,太原,8744,8744,N/A,37.90689,112.52967,奥林匹克花园
201604,奥林匹克花园,太原,8744,8744,N/A,37.86879,112.56917,奥林匹克花园
201604,奥林匹克花园,太原,8744,8744,N/A,0,0,奥林匹克花园
201604,翡翠城,杭州,12209,12209,N/A,30.14821,120.1639,翡翠城
201604,友爱南里,天津,15540,15540,N/A,39.19079,117.50137,友爱南里
201604,友爱南里,天津,15540,15540,N/A,0,0,友爱南里
201604,友爱南里,天津,15540,15540,N/A,39.13298,117.18532,友爱南里
201604,奥林匹克花园,太原,8744,8744,N/A,39.91618,116.37555,奥林匹克花园
201604,奥林匹克花园,太原,8744,8744,N/A,37.83482,112.55696,奥林匹克花园
201604,奥林匹克花园,太原,8744,8744,N/A,0,0,奥林匹克花园
201604,翡翠城,杭州,12209,12209,N/A,30.2725,120.36902,翡翠城
201604,翡翠城,杭州,12209,12209,N/A,30.19203,120.2405,翡翠城
201604,翡翠城,杭州,12209,12209,N/A,30.28582,120.38586,翡翠城
201604,友爱南里,天津,15540,15540,N/A,0,0,友爱南里
201604,友爱南里,天津,15540,15540,N/A,39.17216,117.23404,友爱南里
201604,友爱南里,天津,15540,15540,N/A,0,0,友爱南里
201604,友爱南里,天津,15540,15540,N/A,39.11055,117.28676,友爱南里
201604,友爱南里,天津,15540,15540,N/A,39.11949,117.25648,友爱南里
201604,翡翠城,杭州,12209,12209,N/A,0,0,翡翠城
201604,翡翠城,杭州,12209,12209,N/A,0,0,翡翠城
201604,路劲i主场,苏州,29880,29880,N/A,31.32433,120.76197,路劲i主场
201604,梅园三街坊,上海,39742,39742,N/A,31.12664,121.41669,梅园三街坊
201604,蓝光圣菲TOWN城,成都,9508,9508,N/A,30.55328,104.05257,蓝光圣菲TOWN城
201604,钰龙天下佳园,长沙,7272,7272,N/A,28.19338,113.0133,钰龙天下佳园
201604,新河一村,南京,11468,11468,N/A,32.05922,118.96244,新河一村
201604,翡翠城,杭州,12209,12209,N/A,30.27885,120.37784,翡翠城
201604,翡翠城,杭州,12209,12209,N/A,30.30754,120.37098,翡翠城
201604,翡翠城,杭州,12209,12209,N/A,30.19664,120.1712,翡翠城
201604,路劲i主场,苏州,29880,29880,N/A,0,0,路劲i主场
201604,路劲i主场,苏州,29880,29880,N/A,31.2325,120.63022,路劲i主场
201604,路劲i主场,苏州,29880,29880,N/A,31.27678,120.53916,路劲i主场
201604,路劲i主场,苏州,29880,29880,N/A,0,0,路劲i主场
201604,梅园三街坊,上海,39742,39742,N/A,31.27794,121.60021,梅园三街坊
201604,梅园三街坊,上海,39742,39742,N/A,0,0,梅园三街坊
201604,梅园三街坊,上海,39742,39742,N/A,31.17642,121.5571,梅园三街坊
201604,梅园三街坊,上海,39742,39742,N/A,31.14742,121.40967,梅园三街坊
201604,蓝光圣菲TOWN城,成都,9508,9508,N/A,30.6949,104.01116,蓝光圣菲TOWN城
201604,蓝光圣菲TOWN城,成都,9508,9508,N/A,30.65881,104.0576,蓝光圣菲TOWN城
201604,蓝光圣菲TOWN城,成都,9508,9508,N/A,30.67751,104.12337,蓝光圣菲TOWN城
201604,蓝光圣菲TOWN城,成都,9508,9508,N/A,0,0,蓝光圣菲TOWN城
201604,红角洲绿地海域香廷,南昌,9002,9002,N/A,28.68794,115.95345,红角洲绿地海域香廷
201604,钰龙天下佳园,长沙,7272,7272,N/A,0,0,钰龙天下佳园
201604,钰龙天下佳园,长沙,7272,7272,N/A,28.18508,113.03325,钰龙天下佳园
201604,钰龙天下佳园,长沙,7272,7272,N/A,28.20271,112.9087,钰龙天下佳园
201604,新河一村,南京,11468,11468,N/A,32.24811,118.76577,新河一村
201604,新河一村,南京,11468,11468,N/A,32.06266,118.89518,新河一村
201604,新河一村,南京,11468,11468,N/A,32.05981,118.96336,新河一村
201604,新河一村,南京,11468,11468,N/A,32.12156,118.73039,新河一村
201604,翡翠城,杭州,12209,12209,N/A,30.16949,120.07616,翡翠城
201604,翡翠城,杭州,12209,12209,N/A,30.21588,120.1756,翡翠城
201604,翡翠城,杭州,12209,12209,N/A,30.34824,120.19132,翡翠城
201604,路劲i主场,苏州,29880,29880,N/A,0,0,路劲i主场
201604,路劲i主场,苏州,29880,29880,N/A,31.35358,120.66582,路劲i主场
201604,路劲i主场,苏州,29880,29880,N/A,31.30057,120.65548,路劲i主场
201604,路劲i主场,苏州,29880,29880,N/A,31.31838,120.74834,路劲i主场
201604,荣丰2008,北京,37601,37601,N/A,39.85569,116.39001,荣丰2008
201604,梅园三街坊,上海,39742,39742,N/A,31.26806,121.44734,梅园三街坊
201604,梅园三街坊,上海,39742,39742,N/A,31.12626,121.40784,梅园三街坊
201604,梅园三街坊,上海,39742,39742,N/A,0,0,梅园三街坊
201604,蓝光圣菲TOWN城,成都,9508,9508,N/A,30.57356,103.99429,蓝光圣菲TOWN城
201604,蓝光圣菲TOWN城,成都,9508,9508,N/A,30.5781,103.99501,蓝光圣菲TOWN城
201604,蓝光圣菲TOWN城,成都,9508,9508,N/A,30.68567,103.86828,蓝光圣菲TOWN城
201604,红角洲绿地海域香廷,南昌,9002,9002,N/A,28.70359,115.95269,红角洲绿地海域香廷
201604,红角洲绿地海域香廷,南昌,9002,9002,N/A,28.69794,115.9306,红角洲绿地海域香廷
201604,梅园三街坊,上海,67240,67240,N/A,31.24481,121.52815,梅园三街坊
201604,钰龙天下佳园,长沙,7272,7272,N/A,28.18753,113.0449,钰龙天下佳园
201604,钰龙天下佳园,长沙,7272,7272,N/A,28.21629,112.9386,钰龙天下佳园
201604,钰龙天下佳园,长沙,7272,7272,N/A,28.16734,113.0171,钰龙天下佳园
201604,钰龙天下佳园,长沙,7272,7272,N/A,28.15781,113.0133,钰龙天下佳园
201604,新河一村,南京,11468,11468,N/A,32.06517,118.7811,新河一村
201604,新河一村,南京,11468,11468,N/A,32.04374,118.80746,新河一村
201604,新河一村,南京,11468,11468,N/A,32.01711,118.80475,新河一村
201604,路劲i主场,苏州,29880,29880,N/A,31.50225,120.74868,路劲i主场
201604,路劲i主场,苏州,29880,29880,N/A,0,0,路劲i主场
201604,路劲i主场,苏州,29880,29880,N/A,0,0,路劲i主场
201604,荣丰2008,北京,37601,37601,N/A,39.90558,116.23814,荣丰2008
201604,荣丰2008,北京,37601,37601,N/A,39.93218,116.51816,荣丰2008
201604,梅园三街坊,上海,39742,39742,N/A,31.2319,121.5293,梅园三街坊
201604,梅园三街坊,上海,39742,39742,N/A,31.28634,121.48483,梅园三街坊
201604,梅园三街坊,上海,39742,39742,N/A,31.14054,121.45277,梅园三街坊
201604,蓝光圣菲TOWN城,成都,9508,9508,N/A,30.69296,103.86427,蓝光圣菲TOWN城
201604,蓝光圣菲TOWN城,成都,9508,9508,N/A,30.69499,103.86435,蓝光圣菲TOWN城
201604,蓝光圣菲TOWN城,成都,9508,9508,N/A,30.68548,103.88897,蓝光圣菲TOWN城
201604,锦绣江南一期,武汉,7606,7606,N/A,30.60185,114.30647,锦绣江南一期
201604,利海·亚洲国际,南宁,7500,7500,N/A,22.81522,108.37325,利海·亚洲国际
201604,路劲i主场,苏州,20295,20295,N/A,31.38145,120.61577,路劲i主场
201604,红角洲绿地海域香廷,南昌,9002,9002,N/A,28.69471,115.92232,红角洲绿地海域香廷
201604,红角洲绿地海域香廷,南昌,9002,9002,N/A,28.69551,115.90852,红角洲绿地海域香廷
201604,梅园三街坊,上海,67240,67240,N/A,31.1769,121.50823,梅园三街坊
201604,梅园三街坊,上海,67240,67240,N/A,31.18524,121.50708,梅园三街坊
201604,梅园三街坊,上海,67240,67240,N/A,31.27195,121.44254,梅园三街坊
201604,钰龙天下佳园,长沙,7272,7272,N/A,28.18045,113.008,钰龙天下佳园
201604,钰龙天下佳园,长沙,7272,7272,N/A,0,0,钰龙天下佳园
201604,钰龙天下佳园,长沙,7272,7272,N/A,28.24142,112.9578,钰龙天下佳园
201604,友爱南里,天津,28911,28911,N/A,39.09904,117.22404,友爱南里
201604,新河一村,南京,19746,19746,N/A,32.05785,118.82604,新河一村
201604,新河一村,南京,11468,11468,N/A,32.05976,118.96336,新河一村
201604,新河一村,南京,11468,11468,N/A,32.23338,118.75745,新河一村
201604,荣丰2008,北京,37601,37601,N/A,40.04109,116.35489,荣丰2008
201604,荣丰2008,北京,37601,37601,N/A,39.88173,116.46774,荣丰2008
201604,荣丰2008,北京,37601,37601,N/A,39.84774,116.4164,荣丰2008
201604,梅园三街坊,上海,39742,39742,N/A,31.13624,121.4309,梅园三街坊
201604,蓝光圣菲TOWN城,成都,9508,9508,N/A,30.6963,103.86374,蓝光圣菲TOWN城
201604,锦绣江南一期,武汉,7606,7606,N/A,30.52726,114.35516,锦绣江南一期
201604,锦绣江南一期,武汉,7606,7606,N/A,30.59611,114.30086,锦绣江南一期
201604,锦绣江南一期,武汉,7606,7606,N/A,30.55948,114.35346,锦绣江南一期
201604,利海·亚洲国际,南宁,7500,7500,N/A,22.83219,108.34427,利海·亚洲国际
201604,利海·亚洲国际,南宁,7500,7500,N/A,22.81943,108.34639,利海·亚洲国际
201604,路劲i主场,苏州,20295,20295,N/A,31.36216,120.64403,路劲i主场
201604,路劲i主场,苏州,20295,20295,N/A,31.36357,120.72665,路劲i主场
201604,路劲i主场,苏州,20295,20295,N/A,0,0,路劲i主场
201604,红角洲绿地海域香廷,南昌,9002,9002,N/A,28.68508,115.92517,红角洲绿地海域香廷
201604,红角洲绿地海域香廷,南昌,9002,9002,N/A,28.70235,115.92194,红角洲绿地海域香廷
201604,红角洲绿地海域香廷,南昌,9002,9002,N/A,28.61699,115.92346,红角洲绿地海域香廷
201604,奥林匹克花园,太原,8972,8972,N/A,37.88828,112.52965,奥林匹克花园
201604,梅园三街坊,上海,67240,67240,N/A,31.14791,121.44617,梅园三街坊
201604,梅园三街坊,上海,67240,67240,N/A,31.23297,121.44028,梅园三街坊
201604,梅园三街坊,上海,67240,67240,N/A,31.11991,121.46142,梅园三街坊
201604,钰龙天下佳园,长沙,7272,7272,N/A,28.23471,112.94542,钰龙天下佳园
201604,友爱南里,天津,28911,28911,N/A,39.15883,117.18781,友爱南里
201604,友爱南里,天津,28911,28911,N/A,39.11199,117.27346,友爱南里
201604,友爱南里,天津,28911,28911,N/A,39.12393,117.19752,友爱南里
201604,友爱南里,天津,28911,28911,N/A,39.15504,117.18586,友爱南里
201604,友爱南里,天津,28911,28911,N/A,39.12863,117.14332,友爱南里
201604,新河一村,南京,19746,19746,N/A,32.04943,118.76107,新河一村
201604,新河一村,南京,19746,19746,N/A,32.08507,118.83677,新河一村
201604,新河一村,南京,11468,11468,N/A,32.33013,118.83484,新河一村
201604,新河一村,南京,11468,11468,N/A,32.09921,118.76958,新河一村
201604,荣丰2008,北京,37601,37601,N/A,39.99697,116.35371,荣丰2008
201604,荣丰2008,北京,37601,37601,N/A,40.0636,116.41657,荣丰2008
201604,荣丰2008,北京,37601,37601,N/A,39.90458,116.43049,荣丰2008
201604,锦绣江南一期,武汉,7606,7606,N/A,30.57131,114.35596,锦绣江南一期
201604,锦绣江南一期,武汉,7606,7606,N/A,30.58861,114.37055,锦绣江南一期
201604,锦绣江南一期,武汉,7606,7606,N/A,30.51513,114.32547,锦绣江南一期
201604,利海·亚洲国际,南宁,7500,7500,N/A,22.82,108.33245,利海·亚洲国际
201604,利海·亚洲国际,南宁,7500,7500,N/A,22.81849,108.34447,利海·亚洲国际
201604,利海·亚洲国际,南宁,7500,7500,N/A,22.83147,108.37053,利海·亚洲国际
201604,利海·亚洲国际,南宁,7500,7500,N/A,22.81913,108.36008,利海·亚洲国际
201604,荣丰2008,北京,51112,51112,N/A,39.93811,116.48059,荣丰2008
201604,路劲i主场,苏州,20295,20295,N/A,0,0,路劲i主场
201604,路劲i主场,苏州,20295,20295,N/A,31.23833,120.63009,路劲i主场
201604,路劲i主场,苏州,20295,20295,N/A,31.37703,120.63753,路劲i主场
201604,红角洲绿地海域香廷,南昌,9002,9002,N/A,28.57911,115.91979,红角洲绿地海域香廷
201604,红角洲绿地海域香廷,南昌,9002,9002,N/A,28.70806,115.86556,红角洲绿地海域香廷
201604,红角洲绿地海域香廷,南昌,9002,9002,N/A,28.66629,115.85739,红角洲绿地海域香廷
201604,奥林匹克花园,太原,8972,8972,N/A,37.88742,112.60083,奥林匹克花园
201604,奥林匹克花园,太原,8972,8972,N/A,37.81242,112.59038,奥林匹克花园
201604,奥林匹克花园,太原,8972,8972,N/A,0,0,奥林匹克花园
201604,梅园三街坊,上海,67240,67240,N/A,31.28036,121.48269,梅园三街坊
201604,梅园三街坊,上海,67240,67240,N/A,31.17958,121.5037,梅园三街坊
201604,梅园三街坊,上海,67240,67240,N/A,31.22849,121.5274,梅园三街坊
201604,友爱南里,天津,28911,28911,N/A,0,0,友爱南里
201604,友爱南里,天津,28911,28911,N/A,39.10815,117.16404,友爱南里
201604,友爱南里,天津,28911,28911,N/A,0,0,友爱南里
201604,新河一村,南京,19746,19746,N/A,32.14218,118.755,新河一村
201604,新河一村,南京,19746,19746,N/A,32.11065,118.69062,新河一村
201604,新河一村,南京,19746,19746,N/A,32.13075,118.73078,新河一村
201604,荣丰2008,北京,37601,37601,N/A,39.74333,116.34144,荣丰2008
201604,荣丰2008,北京,37601,37601,N/A,39.98066,116.42262,荣丰2008
201604,荣丰2008,北京,37601,37601,N/A,39.98628,116.38136,荣丰2008
201604,锦绣江南一期,武汉,7606,7606,N/A,30.55237,114.25207,锦绣江南一期
201604,锦绣江南一期,武汉,7606,7606,N/A,30.51293,114.3266,锦绣江南一期
201604,锦绣江南一期,武汉,7606,7606,N/A,30.52726,114.35516,锦绣江南一期
201604,利海·亚洲国际,南宁,7500,7500,N/A,22.8105,108.3648,利海·亚洲国际
201604,利海·亚洲国际,南宁,7500,7500,N/A,22.814,108.44318,利海·亚洲国际
201604,利海·亚洲国际,南宁,7500,7500,N/A,22.81107,108.47066,利海·亚洲国际
201604,荣丰2008,北京,51112,51112,N/A,39.81322,116.44754,荣丰2008
201604,荣丰2008,北京,51112,51112,N/A,39.93408,116.48835,荣丰2008
201604,荣丰2008,北京,51112,51112,N/A,39.90543,116.36688,荣丰2008
201604,荣丰2008,北京,51112,51112,N/A,39.98076,116.42823,荣丰2008
201604,路劲i主场,苏州,20295,20295,N/A,31.27793,120.75573,路劲i主场
201604,路劲i主场,苏州,20295,20295,N/A,0,0,路劲i主场
201604,路劲i主场,苏州,20295,20295,N/A,31.3065,120.7719,路劲i主场
201604,红角洲绿地海域香廷,南昌,9002,9002,N/A,28.66465,115.91102,红角洲绿地海域香廷
201604,钰龙天下佳园,长沙,9781,9781,N/A,28.18071,113.0301,钰龙天下佳园
201604,奥林匹克花园,太原,8972,8972,N/A,37.79265,112.58573,奥林匹克花园
201604,奥林匹克花园,太原,8972,8972,N/A,0,0,奥林匹克花园
201604,奥林匹克花园,太原,8972,8972,N/A,37.85702,112.57669,奥林匹克花园
201604,梅园三街坊,上海,67240,67240,N/A,31.22435,121.52775,梅园三街坊
201604,梅园三街坊,上海,67240,67240,N/A,31.22355,121.37301,梅园三街坊
201604,友爱南里,天津,28911,28911,N/A,0,0,友爱南里
201604,友爱南里,天津,28911,28911,N/A,0,0,友爱南里
201604,友爱南里,天津,28911,28911,N/A,0,0,友爱南里
201604,新河一村,南京,19746,19746,N/A,32.09811,118.77849,新河一村
201604,新河一村,南京,19746,19746,N/A,32.12641,118.70512,新河一村
201604,锦绣江南一期,武汉,7606,7606,N/A,30.63695,114.1958,锦绣江南一期
201604,锦绣江南一期,武汉,7606,7606,N/A,30.59827,114.30514,锦绣江南一期
201604,利海·亚洲国际,南宁,7500,7500,N/A,0,0,利海·亚洲国际
201604,利海·亚洲国际,南宁,7500,7500,N/A,22.80849,108.45945,利海·亚洲国际
201604,荣丰2008,北京,51112,51112,N/A,39.89443,116.64561,荣丰2008
201604,荣丰2008,北京,51112,51112,N/A,39.87129,116.37345,荣丰2008
201604,路劲i主场,苏州,20295,20295,N/A,0,0,路劲i主场
201604,路劲i主场,苏州,20295,20295,N/A,31.32599,120.68196,路劲i主场
201604,钰龙天下佳园,长沙,9781,9781,N/A,28.18332,113.036,钰龙天下佳园
201604,钰龙天下佳园,长沙,9781,9781,N/A,28.17675,113.0011,钰龙天下佳园
201604,钰龙天下佳园,长沙,9781,9781,N/A,28.24094,112.93415,钰龙天下佳园
201604,翡翠城,杭州,9709,9709,N/A,30.29403,120.38015,翡翠城
201604,奥林匹克花园,太原,8972,8972,N/A,0,0,奥林匹克花园
201604,奥林匹克花园,太原,8972,8972,N/A,37.90318,112.56154,奥林匹克花园
201604,奥林匹克花园,太原,8972,8972,N/A,0,0,奥林匹克花园
201604,利海·亚洲国际,南宁,6091,6091,N/A,0,0,利海·亚洲国际
201604,新河一村,南京,19746,19746,N/A,32.09341,118.83359,新河一村
201604,新河一村,南京,19746,19746,N/A,32.10773,118.83388,新河一村
201604,荣丰2008,北京,51112,51112,N/A,39.9351,116.29273,荣丰2008
201604,荣丰2008,北京,51112,51112,N/A,39.96703,116.39283,荣丰2008
201604,荣丰2008,北京,51112,51112,N/A,40.06893,116.38466,荣丰2008
201604,钰龙天下佳园,长沙,9781,9781,N/A,28.23481,112.95459,钰龙天下佳园
201604,钰龙天下佳园,长沙,9781,9781,N/A,28.24158,112.9379,钰龙天下佳园
201604,翡翠城,杭州,9709,9709,N/A,30.23956,120.03315,翡翠城
201604,翡翠城,杭州,9709,9709,N/A,0,0,翡翠城
201604,翡翠城,杭州,9709,9709,N/A,30.3083,120.29097,翡翠城
201604,奥林匹克花园,太原,8972,8972,N/A,0,0,奥林匹克花园
201604,奥林匹克花园,太原,8972,8972,N/A,37.81826,112.55848,奥林匹克花园
201604,利海·亚洲国际,南宁,6091,6091,N/A,22.86461,108.31847,利海·亚洲国际
201604,利海·亚洲国际,南宁,6091,6091,N/A,22.85477,108.33365,利海·亚洲国际
201604,利海·亚洲国际,南宁,6091,6091,N/A,22.82333,108.29326,利海·亚洲国际
201604,新河一村,南京,19746,19746,N/A,32.09655,118.91728,新河一村
201604,新河一村,南京,19746,19746,N/A,32.14416,118.75506,新河一村
201604,荣丰2008,北京,51112,51112,N/A,39.93369,116.52732,荣丰2008
201604,荣丰2008,北京,51112,51112,N/A,39.81726,116.45883,荣丰2008
201604,钰龙天下佳园,长沙,9781,9781,N/A,28.23782,112.9586,钰龙天下佳园
201604,钰龙天下佳园,长沙,9781,9781,N/A,28.14447,112.9962,钰龙天下佳园
201604,翡翠城,杭州,9709,9709,N/A,30.1436,120.1654,翡翠城
201604,翡翠城,杭州,9709,9709,N/A,30.36477,120.09041,翡翠城
201604,翡翠城,杭州,9709,9709,N/A,30.34453,120.09232,翡翠城
201604,利海·亚洲国际,南宁,6091,6091,N/A,0,0,利海·亚洲国际
201604,利海·亚洲国际,南宁,6091,6091,N/A,0,0,利海·亚洲国际
201604,利海·亚洲国际,南宁,6091,6091,N/A,0,0,利海·亚洲国际
201604,利海·亚洲国际,南宁,6091,6091,N/A,22.83741,108.36352,利海·亚洲国际
201604,钰龙天下佳园,长沙,9781,9781,N/A,28.17601,113.0143,钰龙天下佳园
201604,钰龙天下佳园,长沙,9781,9781,N/A,28.1417,113.0084,钰龙天下佳园
201604,钰龙天下佳园,长沙,9781,9781,N/A,28.13409,112.9941,钰龙天下佳园
201604,翡翠城,杭州,9709,9709,N/A,30.13638,120.17364,翡翠城
201604,翡翠城,杭州,9709,9709,N/A,30.26636,120.22857,翡翠城
201604,利海·亚洲国际,南宁,6091,6091,N/A,0,0,利海·亚洲国际
201604,利海·亚洲国际,南宁,6091,6091,N/A,0,0,利海·亚洲国际
201604,利海·亚洲国际,南宁,6091,6091,N/A,0,0,利海·亚洲国际
201604,钰龙天下佳园,长沙,9781,9781,N/A,28.27602,113.0672,钰龙天下佳园
201604,锦绣江南一期,武汉,0,0,N/A,30.56886,114.36039,锦绣江南一期
201604,翡翠城,杭州,9709,9709,N/A,30.34308,120.09468,翡翠城
201604,翡翠城,杭州,9709,9709,N/A,30.15086,120.06711,翡翠城
201604,翡翠城,杭州,9709,9709,N/A,30.17975,120.15291,翡翠城
201604,利海·亚洲国际,南宁,6091,6091,N/A,22.81623,108.41143,利海·亚洲国际
201604,锦绣江南一期,武汉,0,0,N/A,30.64931,114.30121,锦绣江南一期
201604,锦绣江南一期,武汉,0,0,N/A,30.51248,114.3193,锦绣江南一期
201604,锦绣江南一期,武汉,0,0,N/A,30.67524,114.58082,锦绣江南一期
201604,锦绣江南一期,武汉,0,0,N/A,30.55799,114.34354,锦绣江南一期
201604,锦绣江南一期,武汉,0,0,N/A,30.47002,114.415,锦绣江南一期
201604,锦绣江南一期,武汉,0,0,N/A,30.57783,114.35921,锦绣江南一期
201604,锦绣江南一期,武汉,0,0,N/A,30.59506,114.29468,锦绣江南一期
201604,锦绣江南一期,武汉,0,0,N/A,30.51324,114.32845,锦绣江南一期
201604,锦绣江南一期,武汉,0,0,N/A,30.64349,114.30117,锦绣江南一期
201604,红角洲绿地海域香廷,南昌,16652,16652,N/A,28.68183,115.90788,红角洲绿地海域香廷
201604,锦绣江南一期,武汉,0,0,N/A,30.56337,114.3168,锦绣江南一期
201604,锦绣江南一期,武汉,0,0,N/A,30.55519,114.25928,锦绣江南一期
201604,红角洲绿地海域香廷,南昌,16652,16652,N/A,28.71285,115.88639,红角洲绿地海域香廷
201604,红角洲绿地海域香廷,南昌,16652,16652,N/A,28.71721,115.96266,红角洲绿地海域香廷
201604,红角洲绿地海域香廷,南昌,16652,16652,N/A,28.67585,115.90583,红角洲绿地海域香廷
201604,红角洲绿地海域香廷,南昌,16652,16652,N/A,28.67875,115.88582,红角洲绿地海域香廷
201604,红角洲绿地海域香廷,南昌,16652,16652,N/A,28.67235,115.89016,红角洲绿地海域香廷
201604,红角洲绿地海域香廷,南昌,16652,16652,N/A,28.68602,115.93805,红角洲绿地海域香廷
201604,红角洲绿地海域香廷,南昌,16652,16652,N/A,28.6846,115.93757,红角洲绿地海域香廷
201604,红角洲绿地海域香廷,南昌,16652,16652,N/A,28.68041,115.96767,红角洲绿地海域香廷
201604,红角洲绿地海域香廷,南昌,16652,16652,N/A,28.67145,115.90202,红角洲绿地海域香廷
201604,红角洲绿地海域香廷,南昌,16652,16652,N/A,28.70007,115.90666,红角洲绿地海域香廷
201604,红角洲绿地海域香廷,南昌,16652,16652,N/A,28.70007,115.90666,红角洲绿地海域香廷
201604,利海·亚洲国际,南宁,12585,12585,N/A,22.81006,108.38756,利海·亚洲国际
201604,利海·亚洲国际,南宁,12585,12585,N/A,22.82181,108.42765,利海·亚洲国际
201604,利海·亚洲国际,南宁,12585,12585,N/A,22.83199,108.39561,利海·亚洲国际
201604,利海·亚洲国际,南宁,12585,12585,N/A,22.82829,108.39606,利海·亚洲国际
201604,利海·亚洲国际,南宁,12585,12585,N/A,22.80798,108.38486,利海·亚洲国际
201604,利海·亚洲国际,南宁,12585,12585,N/A,22.82731,108.39695,利海·亚洲国际
201604,利海·亚洲国际,南宁,12585,12585,N/A,22.82277,108.3976,利海·亚洲国际
201604,利海·亚洲国际,南宁,12585,12585,N/A,22.83545,108.39163,利海·亚洲国际
201604,利海·亚洲国际,南宁,12585,12585,N/A,22.83287,108.35396,利海·亚洲国际
201604,利海·亚洲国际,南宁,12585,12585,N/A,22.82588,108.34028,利海·亚洲国际
201604,利海·亚洲国际,南宁,12585,12585,N/A,22.82327,108.38497,利海·亚洲国际
201604,利海·亚洲国际,南宁,12585,12585,N/A,22.83222,108.34259,利海·亚洲国际
201604,新河一村,南京,19778,19778,N/A,32.11295,118.69289,新河一村
201604,新河一村,南京,19778,19778,N/A,32.00814,118.73485,新河一村
201604,新河一村,南京,19778,19778,N/A,32.07174,118.74918,新河一村
201604,新河一村,南京,19778,19778,N/A,32.04352,118.80799,新河一村
201604,新河一村,南京,19778,19778,N/A,32.04355,118.83872,新河一村
201604,新河一村,南京,19778,19778,N/A,32.05927,118.90262,新河一村
201604,新河一村,南京,19778,19778,N/A,32.05949,118.96325,新河一村
201604,新河一村,南京,19778,19778,N/A,32.14224,118.75492,新河一村
201604,新河一村,南京,19778,19778,N/A,32.1465,118.73053,新河一村
201604,新河一村,南京,19778,19778,N/A,32.34415,118.84304,新河一村
201604,新河一村,南京,19778,19778,N/A,32.01178,118.72329,新河一村
201604,新河一村,南京,19778,19778,N/A,32.00736,118.73396,新河一村
201604,路劲i主场,苏州,20288,20288,N/A,31.23041,120.60914,路劲i主场
201604,路劲i主场,苏州,20288,20288,N/A,31.37621,120.75583,路劲i主场
201604,路劲i主场,苏州,20288,20288,N/A,31.28064,120.64031,路劲i主场
201604,路劲i主场,苏州,20288,20288,N/A,31.32378,120.74912,路劲i主场
201604,路劲i主场,苏州,20288,20288,N/A,31.28332,120.75482,路劲i主场
201604,路劲i主场,苏州,20288,20288,N/A,31.37196,120.60599,路劲i主场
201604,路劲i主场,苏州,20288,20288,N/A,31.31256,120.74538,路劲i主场
201604,路劲i主场,苏州,20288,20288,N/A,31.33523,120.65059,路劲i主场
201604,路劲i主场,苏州,20288,20288,N/A,0,0,路劲i主场
201604,路劲i主场,苏州,20288,20288,N/A,0,0,路劲i主场
201604,路劲i主场,苏州,20288,20288,N/A,0,0,路劲i主场
201604,路劲i主场,苏州,20288,20288,N/A,31.36542,120.55638,路劲i主场
201604,梅园三街坊,上海,77819,77819,N/A,0,0,梅园三街坊
201604,梅园三街坊,上海,77819,77819,N/A,31.13947,121.42496,梅园三街坊
201604,梅园三街坊,上海,77819,77819,N/A,31.14399,121.41957,梅园三街坊
201604,梅园三街坊,上海,77819,77819,N/A,31.18246,121.50588,梅园三街坊
201604,梅园三街坊,上海,77819,77819,N/A,31.17807,121.51337,梅园三街坊
201604,梅园三街坊,上海,77819,77819,N/A,31.22319,121.37422,梅园三街坊
201604,梅园三街坊,上海,77819,77819,N/A,31.13672,121.39646,梅园三街坊
201604,梅园三街坊,上海,77819,77819,N/A,31.17485,121.49814,梅园三街坊
201604,梅园三街坊,上海,77819,77819,N/A,31.27767,121.5983,梅园三街坊
201604,梅园三街坊,上海,77819,77819,N/A,31.18908,121.51867,梅园三街坊
201604,梅园三街坊,上海,77819,77819,N/A,31.12893,121.40634,梅园三街坊
201604,梅园三街坊,上海,77819,77819,N/A,31.20309,121.52199,梅园三街坊
